time_tag,A_FLUX,B_FLUX,A_QUALITY,B_QUALITY
2013-01-11 00:00:00,1.0335007104526776e-08,2.9635284871274893e-07,0,0
2013-01-11 00:01:00,1.0598195306085096e-08,2.874597749117958e-07,0,0
2013-01-11 00:02:00,1.0221761915525554e-08,3.071106277127272e-07,0,0
2013-01-11 00:03:00,9.276767479776358e-09,3.2645029958591766e-07,0,0
2013-01-11 00:04:00,1.0143419363913473e-08,2.8328849328726453e-07,0,0
2013-01-11 00:05:00,9.804328595433455e-09,2.94657051465332e-07,0,0
2013-01-11 00:06:00,9.705112384695112e-09,3.228677003569499e-07,0,0
2013-01-11 00:07:00,1.0419044360528494e-08,3.196295749777853e-07,0,0
2013-01-11 00:08:00,1.084580806511424e-08,2.9213818942445617e-07,0,0
2013-01-11 00:09:00,1.000979083524534e-08,3.1137576344495446e-07,0,0
2013-01-11 00:10:00,1.0268080056637798e-08,2.951144325556499e-07,0,0
2013-01-11 00:11:00,1.0825283897489496e-08,2.838491229604974e-07,0,0
2013-01-11 00:12:00,1.0249583903904907e-08,3.090828060186081e-07,0,0
2013-01-11 00:13:00,1.1473798272896606e-08,2.752544654576511e-07,0,0
2013-01-11 00:14:00,1.0396937049526908e-08,2.794332188242788e-07,0,0
2013-01-11 00:15:00,9.152635217585142e-09,3.132233578465352e-07,0,0
2013-01-11 00:16:00,1.0290230793546465e-08,2.7675597710669536e-07,0,0
2013-01-11 00:17:00,1.031831879451488e-08,3.1563444948736785e-07,0,0
2013-01-11 00:18:00,1.0543527087928768e-08,2.874978233019952e-07,0,0
2013-01-11 00:19:00,1.03962866571485e-08,2.832992412776521e-07,0,0
2013-01-11 00:20:00,1.0111743729209257e-08,3.253981885502049e-07,0,0
2013-01-11 00:21:00,9.511528442091194e-09,2.972273330757286e-07,0,0
2013-01-11 00:22:00,1.018578185199875e-08,3.010525665622492e-07,0,0
2013-01-11 00:23:00,9.782249459166285e-09,2.83820692677202e-07,0,0
2013-01-11 00:24:00,9.750128881088397e-09,2.8741228412327705e-07,0,0
2013-01-11 00:25:00,1.0413589562491544e-08,3.087078006100724e-07,0,0
2013-01-11 00:26:00,1.0989209280072953e-08,2.843499127280497e-07,0,0
2013-01-11 00:27:00,1.0161040818678665e-08,3.0363385856463687e-07,0,0
2013-01-11 00:28:00,9.440419467123745e-09,2.924246654621069e-07,0,0
2013-01-11 00:29:00,1.0297839543925889e-08,3.0567582387147944e-07,0,0
2013-01-11 00:30:00,1.0551625047940015e-08,2.9223450105858433e-07,0,0
2013-01-11 00:31:00,9.835350783463393e-09,3.353448607931775e-07,0,0
2013-01-11 00:32:00,1.0046647321856606e-08,3.003180854645751e-07,0,0
2013-01-11 00:33:00,9.983754546595549e-09,2.924220295795202e-07,0,0
2013-01-11 00:34:00,9.797792219776938e-09,3.2064658576353647e-07,0,0
2013-01-11 00:35:00,1.0558281508424872e-08,2.957745262494562e-07,0,0
2013-01-11 00:36:00,1.0118010322046954e-08,3.070171196217127e-07,0,0
2013-01-11 00:37:00,1.034383805593812e-08,2.797176275329228e-07,0,0
2013-01-11 00:38:00,9.783092139906583e-09,2.858511504504057e-07,0,0
2013-01-11 00:39:00,1.0017467239931906e-08,3.1458112866591096e-07,0,0
2013-01-11 00:40:00,1.057869189012231e-08,3.1309898564155566e-07,0,0
2013-01-11 00:41:00,9.907626194364915e-09,3.1169454028251695e-07,0,0
2013-01-11 00:42:00,1.112832574831087e-08,3.0273607410894185e-07,0,0
2013-01-11 00:43:00,1.0104672603735409e-08,3.007122253559506e-07,0,0
2013-01-11 00:44:00,1.0246409984875695e-08,2.8440086930812037e-07,0,0
2013-01-11 00:45:00,1.08916748242156e-08,2.9630522064036713e-07,0,0
2013-01-11 00:46:00,9.448663117669517e-09,2.9843710076852277e-07,0,0
2013-01-11 00:47:00,9.347086509959597e-09,3.2380220965777645e-07,0,0
2013-01-11 00:48:00,9.3910660359857e-09,3.194391817506905e-07,0,0
2013-01-11 00:49:00,1.0900130402552271e-08,2.854459763474264e-07,0,0
2013-01-11 00:50:00,9.764313869993742e-09,3.158504078889406e-07,0,0
2013-01-11 00:51:00,1.1560885745258314e-08,2.985004220705006e-07,0,0
2013-01-11 00:52:00,9.831449303109613e-09,2.920982751318694e-07,0,0
2013-01-11 00:53:00,1.0337719554401629e-08,3.21187787670332e-07,0,0
2013-01-11 00:54:00,1.1153334369287258e-08,3.276296557994919e-07,0,0
2013-01-11 00:55:00,1.1382619805738188e-08,3.291384414357153e-07,0,0
2013-01-11 00:56:00,1.1116952684795667e-08,2.91616445337766e-07,0,0
2013-01-11 00:57:00,1.1088677012166621e-08,3.015259962947199e-07,0,0
2013-01-11 00:58:00,1.0818608030427741e-08,3.044549515221825e-07,0,0
2013-01-11 00:59:00,1.0485481747282756e-08,3.2105888580542724e-07,0,0
2013-01-11 01:00:00,1.0681838664707518e-08,3.0546655850490766e-07,0,0
2013-01-11 01:01:00,1.0001843882270958e-08,3.0271885265639274e-07,0,0
2013-01-11 01:02:00,9.789171019790385e-09,2.9464887184790316e-07,0,0
2013-01-11 01:03:00,1.0289683055845818e-08,2.893060763124433e-07,0,0
2013-01-11 01:04:00,1.0128008271916197e-08,3.2267694377819093e-07,0,0
2013-01-11 01:05:00,1.0009242166915798e-08,3.243007367474164e-07,0,0
2013-01-11 01:06:00,1.0579976169561297e-08,3.078434108170486e-07,0,0
2013-01-11 01:07:00,1.0648477041439562e-08,3.095782786160513e-07,0,0
2013-01-11 01:08:00,1.0352749927236166e-08,3.1347661428515414e-07,0,0
2013-01-11 01:09:00,1.1144761945615434e-08,2.9094491272996666e-07,0,0
2013-01-11 01:10:00,9.780843441297182e-09,3.2069203027817706e-07,0,0
2013-01-11 01:11:00,1.0287759692550332e-08,3.37751513384611e-07,0,0
2013-01-11 01:12:00,9.978707661486447e-09,3.110565813711856e-07,0,0
2013-01-11 01:13:00,9.341135934122876e-09,3.4218337548983537e-07,0,0
2013-01-11 01:14:00,1.0358918893926622e-08,2.667801683566798e-07,0,0
2013-01-11 01:15:00,1.012326211364484e-08,3.3137663937395523e-07,0,0
2013-01-11 01:16:00,1.1047421276903757e-08,3.1578572132125745e-07,0,0
2013-01-11 01:17:00,1.0564495073788112e-08,3.041159375552455e-07,0,0
2013-01-11 01:18:00,9.92615814150536e-09,3.171246504622746e-07,0,0
2013-01-11 01:19:00,1.1436643578168506e-08,2.752731493109342e-07,0,0
2013-01-11 01:20:00,1.1042062950878006e-08,3.027556667346885e-07,0,0
2013-01-11 01:21:00,1.0759094706649307e-08,3.129394674091094e-07,0,0
2013-01-11 01:22:00,1.0145962639107845e-08,3.316826411597251e-07,0,0
2013-01-11 01:23:00,9.904385167729655e-09,2.9740674146903766e-07,0,0
2013-01-11 01:24:00,1.0155093867576767e-08,3.0456181369656494e-07,0,0
2013-01-11 01:25:00,1.1027121040599633e-08,3.018837760097836e-07,0,0
2013-01-11 01:26:00,1.1379576907030224e-08,3.273302360621788e-07,0,0
2013-01-11 01:27:00,1.1164225387474752e-08,3.1342869879943315e-07,0,0
2013-01-11 01:28:00,1.0178431817047688e-08,2.940065553996654e-07,0,0
2013-01-11 01:29:00,9.901459237972849e-09,3.2081138108603335e-07,0,0
2013-01-11 01:30:00,1.0389499882524169e-08,3.0344239159001055e-07,0,0
2013-01-11 01:31:00,9.501856076906886e-09,3.267291552351427e-07,0,0
2013-01-11 01:32:00,1.0454409271057645e-08,2.9413535238544323e-07,0,0
2013-01-11 01:33:00,1.0068762760053107e-08,3.1671901818735117e-07,0,0
2013-01-11 01:34:00,1.0179541879606946e-08,3.1047038802280555e-07,0,0
2013-01-11 01:35:00,9.666623137609726e-09,2.9059719699830246e-07,0,0
2013-01-11 01:36:00,1.0703922190149345e-08,3.231855871703444e-07,0,0
2013-01-11 01:37:00,9.942394096747066e-09,3.12201517484168e-07,0,0
2013-01-11 01:38:00,9.788122968289463e-09,3.1524620051314595e-07,0,0
2013-01-11 01:39:00,8.803282123710866e-09,3.0992221829619526e-07,0,0
2013-01-11 01:40:00,1.0545533776341663e-08,2.9264335364192105e-07,0,0
2013-01-11 01:41:00,1.1284363173473739e-08,3.1265683619192274e-07,0,0
2013-01-11 01:42:00,1.1459743630288632e-08,3.1126967367660784e-07,0,0
2013-01-11 01:43:00,1.0293534387618744e-08,3.0217662561979964e-07,0,0
2013-01-11 01:44:00,1.0038966293879766e-08,3.023699463001313e-07,0,0
2013-01-11 01:45:00,1.0576947195279403e-08,3.1487035515568066e-07,0,0
2013-01-11 01:46:00,9.97284357533767e-09,3.4377560821299244e-07,0,0
2013-01-11 01:47:00,1.0524843622313235e-08,3.167270935183467e-07,0,0
2013-01-11 01:48:00,1.0872739810835134e-08,3.120423224435986e-07,0,0
2013-01-11 01:49:00,1.1071546498114863e-08,3.246377339627941e-07,0,0
2013-01-11 01:50:00,1.0231668740807537e-08,2.9273121639315237e-07,0,0
2013-01-11 01:51:00,1.0136824833455658e-08,3.1657200024963123e-07,0,0
2013-01-11 01:52:00,1.0042768272992012e-08,3.1540064650124084e-07,0,0
2013-01-11 01:53:00,9.993273427906038e-09,3.543302217977838e-07,0,0
2013-01-11 01:54:00,1.0304176568588087e-08,3.0655559292938044e-07,0,0
2013-01-11 01:55:00,1.0745183178870432e-08,3.1960306652487607e-07,0,0
2013-01-11 01:56:00,1.1092521110901802e-08,3.152968174416288e-07,0,0
2013-01-11 01:57:00,1.0048797722783834e-08,2.9059875215055137e-07,0,0
2013-01-11 01:58:00,1.1271758979901535e-08,3.349637643198943e-07,0,0
2013-01-11 01:59:00,1.0405211330637804e-08,3.2618399771997374e-07,0,0
2013-01-11 02:00:00,1.035340934873466e-08,3.181792116041179e-07,0,0
2013-01-11 02:01:00,1.0141207642081994e-08,2.968132394335343e-07,0,0
2013-01-11 02:02:00,9.363533102941903e-09,3.3607209266371324e-07,0,0
2013-01-11 02:03:00,1.1054695774966017e-08,3.0344013226538466e-07,0,0
2013-01-11 02:04:00,1.0716318962868133e-08,3.2763724060162795e-07,0,0
2013-01-11 02:05:00,1.029603193689822e-08,3.4542165133014664e-07,0,0
2013-01-11 02:06:00,1.0470303630757172e-08,3.028609093587856e-07,0,0
2013-01-11 02:07:00,1.0811615748467077e-08,2.9924339141566537e-07,0,0
2013-01-11 02:08:00,9.786939835320236e-09,3.228988646586631e-07,0,0
2013-01-11 02:09:00,1.0408618964401118e-08,3.058066562534932e-07,0,0
2013-01-11 02:10:00,1.0915039684251561e-08,2.920763980356575e-07,0,0
2013-01-11 02:11:00,9.850762054142704e-09,3.239542139325433e-07,0,0
2013-01-11 02:12:00,1.0815861404574037e-08,2.935489224547512e-07,0,0
2013-01-11 02:13:00,9.886510656191693e-09,3.170563772846131e-07,0,0
2013-01-11 02:14:00,1.0928027889611559e-08,2.994266916200483e-07,0,0
2013-01-11 02:15:00,1.0565988682141483e-08,3.473866534129155e-07,0,0
2013-01-11 02:16:00,9.624595245115898e-09,2.970229152793633e-07,0,0
2013-01-11 02:17:00,1.1063266683678458e-08,2.976715614269395e-07,0,0
2013-01-11 02:18:00,1.003052862826251e-08,3.279069241942154e-07,0,0
2013-01-11 02:19:00,1.0216874332013841e-08,3.0094141326640725e-07,0,0
2013-01-11 02:20:00,1.0799357467861276e-08,3.268473417563226e-07,0,0
2013-01-11 02:21:00,1.1387699060944531e-08,3.364412088903431e-07,0,0
2013-01-11 02:22:00,1.0141360715092531e-08,2.908595499232939e-07,0,0
2013-01-11 02:23:00,1.073357858815276e-08,3.2625253544517027e-07,0,0
2013-01-11 02:24:00,1.0759606450650246e-08,3.1244989053110654e-07,0,0
2013-01-11 02:25:00,1.0849514014197214e-08,3.2847450310629555e-07,0,0
2013-01-11 02:26:00,1.077407154007124e-08,2.9974448253321763e-07,0,0
2013-01-11 02:27:00,1.0447723009900697e-08,2.998918894833843e-07,0,0
2013-01-11 02:28:00,1.0183157994872589e-08,3.2392599854663425e-07,0,0
2013-01-11 02:29:00,1.069016983323184e-08,3.2310163903981726e-07,0,0
2013-01-11 02:30:00,1.0087693030198326e-08,3.098433611118141e-07,0,0
2013-01-11 02:31:00,9.298704548939202e-09,3.206492429131761e-07,0,0
2013-01-11 02:32:00,1.097979720205842e-08,3.1010156914184745e-07,0,0
2013-01-11 02:33:00,1.1164856855864308e-08,3.173934534180432e-07,0,0
2013-01-11 02:34:00,9.523707739509375e-09,3.236856153878161e-07,0,0
2013-01-11 02:35:00,1.0154529198795462e-08,3.0983764976613926e-07,0,0
2013-01-11 02:36:00,1.0917788395069538e-08,3.4835858669887496e-07,0,0
2013-01-11 02:37:00,1.1860851637012789e-08,3.2749222226875047e-07,0,0
2013-01-11 02:38:00,1.0508062625116318e-08,2.9582791493351774e-07,0,0
2013-01-11 02:39:00,1.0364872087388392e-08,3.2881352818188596e-07,0,0
2013-01-11 02:40:00,1.042682076850078e-08,3.0715839722072637e-07,0,0
2013-01-11 02:41:00,1.1432700308124053e-08,3.3299990899818986e-07,0,0
2013-01-11 02:42:00,1.0226831423357609e-08,3.3561683564219443e-07,0,0
2013-01-11 02:43:00,1.0291171148507394e-08,3.0786626989748745e-07,0,0
2013-01-11 02:44:00,1.0398904907460905e-08,3.3904221668157193e-07,0,0
2013-01-11 02:45:00,1.0004055174631523e-08,3.162107269023354e-07,0,0
2013-01-11 02:46:00,1.0770669551534942e-08,3.3910767699249737e-07,0,0
2013-01-11 02:47:00,1.1511095065561259e-08,3.5013970387482073e-07,0,0
2013-01-11 02:48:00,1.0931378251049354e-08,3.1830946039028657e-07,0,0
2013-01-11 02:49:00,1.0539059382768349e-08,3.143265108706401e-07,0,0
2013-01-11 02:50:00,1.0560874710379384e-08,2.9948821814176704e-07,0,0
2013-01-11 02:51:00,9.780530214907751e-09,3.0402290165947103e-07,0,0
2013-01-11 02:52:00,1.1105700907834333e-08,3.177955810897872e-07,0,0
2013-01-11 02:53:00,1.0598195211963873e-08,3.221631867438867e-07,0,0
2013-01-11 02:54:00,1.0678386217261084e-08,3.338038398670379e-07,0,0
2013-01-11 02:55:00,1.2710470970047238e-08,3.300174256416882e-07,0,0
2013-01-11 02:56:00,1.0775482904049508e-08,3.182821823434045e-07,0,0
2013-01-11 02:57:00,1.0411184313264965e-08,3.4616094456461343e-07,0,0
2013-01-11 02:58:00,1.0258611906151653e-08,3.1080780486808944e-07,0,0
2013-01-11 02:59:00,1.1217642869723205e-08,3.659398290922865e-07,0,0
2013-01-11 03:00:00,1.0672428917900636e-08,3.3301987252269256e-07,0,0
2013-01-11 03:01:00,9.832125128727389e-09,3.061728026982718e-07,0,0
2013-01-11 03:02:00,1.1059183980917472e-08,3.041850792771774e-07,0,0
2013-01-11 03:03:00,1.0405888395417343e-08,3.2670407593211433e-07,0,0
2013-01-11 03:04:00,1.1750908383471091e-08,3.1044627497354104e-07,0,0
2013-01-11 03:05:00,1.1355667111016108e-08,3.3498204602841045e-07,0,0
2013-01-11 03:06:00,1.0557579177455087e-08,3.382520838010313e-07,0,0
2013-01-11 03:07:00,1.1464991770913489e-08,3.2078487467038093e-07,0,0
2013-01-11 03:08:00,1.0833990903756573e-08,3.0973177703446937e-07,0,0
2013-01-11 03:09:00,1.1195370477993465e-08,3.0201365684597364e-07,0,0
2013-01-11 03:10:00,1.0882391424843829e-08,3.086712345393074e-07,0,0
2013-01-11 03:11:00,1.0401352492619494e-08,3.448278232878603e-07,0,0
2013-01-11 03:12:00,1.03444257579792e-08,3.2678638947257615e-07,0,0
2013-01-11 03:13:00,1.1220806109492243e-08,3.1108439790875335e-07,0,0
2013-01-11 03:14:00,1.055312034559838e-08,3.2161969323538446e-07,0,0
2013-01-11 03:15:00,1.044611758972399e-08,3.3793197742167183e-07,0,0
2013-01-11 03:16:00,1.0211805773376433e-08,3.125802778838275e-07,0,0
2013-01-11 03:17:00,1.1022643225127273e-08,3.2799405306176977e-07,0,0
2013-01-11 03:18:00,1.196458979512854e-08,3.2493492126024685e-07,0,0
2013-01-11 03:19:00,1.0114377078341927e-08,3.037296716345763e-07,0,0
2013-01-11 03:20:00,1.073070933258372e-08,3.3482581597669887e-07,0,0
2013-01-11 03:21:00,1.1664581673412386e-08,3.329657657343468e-07,0,0
2013-01-11 03:22:00,1.0778844432752705e-08,3.3130754155347684e-07,0,0
2013-01-11 03:23:00,1.1228775917598908e-08,3.3514594462412986e-07,0,0
2013-01-11 03:24:00,1.0337988516996084e-08,3.0087477023106906e-07,0,0
2013-01-11 03:25:00,1.1128055845080531e-08,3.1014324196608766e-07,0,0
2013-01-11 03:26:00,1.0543781787151253e-08,3.316455868246142e-07,0,0
2013-01-11 03:27:00,1.140699905335729e-08,3.380860194926068e-07,0,0
2013-01-11 03:28:00,1.1442982855361881e-08,3.223395150991201e-07,0,0
2013-01-11 03:29:00,1.2227675998787684e-08,3.9322462967836754e-07,0,0
2013-01-11 03:30:00,1.1127939999804836e-08,3.2409857828787635e-07,0,0
2013-01-11 03:31:00,1.1068221710172576e-08,3.466123466922063e-07,0,0
2013-01-11 03:32:00,1.0954575096290976e-08,3.3932629768547695e-07,0,0
2013-01-11 03:33:00,1.0524728131808816e-08,3.368751460522895e-07,0,0
2013-01-11 03:34:00,1.1062897722212255e-08,3.1473855691450984e-07,0,0
2013-01-11 03:35:00,1.0584626525726781e-08,3.4314172174261076e-07,0,0
2013-01-11 03:36:00,1.092250275381446e-08,3.1719902164360745e-07,0,0
2013-01-11 03:37:00,1.1517900349220634e-08,3.234584085104485e-07,0,0
2013-01-11 03:38:00,1.0261818579782901e-08,3.1600871299689036e-07,0,0
2013-01-11 03:39:00,1.1528060738725447e-08,3.287412000083924e-07,0,0
2013-01-11 03:40:00,1.1452029390361523e-08,3.608769771288389e-07,0,0
2013-01-11 03:41:00,1.0952849380045876e-08,2.9999920191830897e-07,0,0
2013-01-11 03:42:00,9.55281713350689e-09,3.4431863960748567e-07,0,0
2013-01-11 03:43:00,1.0443109551877924e-08,3.0499907211414554e-07,0,0
2013-01-11 03:44:00,1.1591994946120744e-08,3.136581227223246e-07,0,0
2013-01-11 03:45:00,1.0877901777984879e-08,3.449460948177998e-07,0,0
2013-01-11 03:46:00,1.029618256105364e-08,3.1960852849861023e-07,0,0
2013-01-11 03:47:00,1.0560843079182416e-08,3.109067686822501e-07,0,0
2013-01-11 03:48:00,1.1345387617260554e-08,3.16000122220122e-07,0,0
2013-01-11 03:49:00,1.111876378803828e-08,3.271349657599995e-07,0,0
2013-01-11 03:50:00,1.0854308639470683e-08,3.0783847250488e-07,0,0
2013-01-11 03:51:00,1.0732918764465576e-08,3.275080704787583e-07,0,0
2013-01-11 03:52:00,1.0725272914528497e-08,3.2469074054489943e-07,0,0
2013-01-11 03:53:00,1.0265032111343124e-08,3.090397284395208e-07,0,0
2013-01-11 03:54:00,1.1758029289527466e-08,3.6437698031057695e-07,0,0
2013-01-11 03:55:00,1.0651692908084837e-08,3.3740318717202176e-07,0,0
2013-01-11 03:56:00,1.1438263223187599e-08,2.9338750996040373e-07,0,0
2013-01-11 03:57:00,1.1754076771358235e-08,3.250657305016753e-07,0,0
2013-01-11 03:58:00,1.1364172690584726e-08,3.204973507863355e-07,0,0
2013-01-11 03:59:00,1.069779211107883e-08,3.483948469370907e-07,0,0
2013-01-11 04:00:00,1.098095326500581e-08,3.109086980839491e-07,0,0
2013-01-11 04:01:00,1.1027324636944705e-08,3.211308264702688e-07,0,0
2013-01-11 04:02:00,1.0300821239216605e-08,3.3691673946372164e-07,0,0
2013-01-11 04:03:00,1.1072559279425051e-08,3.388254402037623e-07,0,0
2013-01-11 04:04:00,1.033159366430747e-08,3.0654852241164974e-07,0,0
2013-01-11 04:05:00,1.148550832360528e-08,3.2459856974426014e-07,0,0
2013-01-11 04:06:00,1.0714600058968268e-08,3.0916918775107123e-07,0,0
2013-01-11 04:07:00,1.0868322239215922e-08,3.225375971588084e-07,0,0
2013-01-11 04:08:00,1.1183764429432453e-08,3.5699368896248323e-07,0,0
2013-01-11 04:09:00,1.074674859505755e-08,3.3118265017153736e-07,0,0
2013-01-11 04:10:00,1.115182737509839e-08,3.062187606353562e-07,0,0
2013-01-11 04:11:00,1.060392295472738e-08,3.4183485637130676e-07,0,0
2013-01-11 04:12:00,1.145721249001373e-08,3.5466050183510936e-07,0,0
2013-01-11 04:13:00,1.0125893365446745e-08,3.5158792333167155e-07,0,0
2013-01-11 04:14:00,1.0889406989702878e-08,3.0315377109502374e-07,0,0
2013-01-11 04:15:00,1.1984412161551883e-08,3.213112921099043e-07,0,0
2013-01-11 04:16:00,1.0249709055182506e-08,3.5311421408792663e-07,0,0
2013-01-11 04:17:00,1.0719873747135472e-08,3.1055611370400024e-07,0,0
2013-01-11 04:18:00,1.1130067567363663e-08,3.3679454068218143e-07,0,0
2013-01-11 04:19:00,1.1086307538149364e-08,3.3872490330296257e-07,0,0
2013-01-11 04:20:00,1.1120483454380263e-08,3.1661457344924493e-07,0,0
2013-01-11 04:21:00,1.108012489238493e-08,3.1564554120561044e-07,0,0
2013-01-11 04:22:00,1.1261497628261579e-08,2.7784370647912784e-07,0,0
2013-01-11 04:23:00,1.161305866354441e-08,3.0800342860889376e-07,0,0
2013-01-11 04:24:00,1.112098699558904e-08,3.2546869128449177e-07,0,0
2013-01-11 04:25:00,1.0904063075304324e-08,3.100130183515425e-07,0,0
2013-01-11 04:26:00,1.139291306658543e-08,3.5183705503768324e-07,0,0
2013-01-11 04:27:00,1.2099117145812492e-08,3.0140651156014865e-07,0,0
2013-01-11 04:28:00,1.0802672528742108e-08,3.1994158667811433e-07,0,0
2013-01-11 04:29:00,1.029507467343175e-08,3.2534131214844657e-07,0,0
2013-01-11 04:30:00,1.1484581247745787e-08,3.5642459753760563e-07,0,0
2013-01-11 04:31:00,1.0879909615284349e-08,3.0322234074843006e-07,0,0
2013-01-11 04:32:00,9.857185801164265e-09,3.329208477327824e-07,0,0
2013-01-11 04:33:00,1.1184987937297946e-08,3.2616716943757925e-07,0,0
2013-01-11 04:34:00,1.0641215154992324e-08,3.0702453800788683e-07,0,0
2013-01-11 04:35:00,1.0898743629807566e-08,3.27478922555867e-07,0,0
2013-01-11 04:36:00,1.1089131902134286e-08,3.251103104164942e-07,0,0
2013-01-11 04:37:00,1.1169217296849638e-08,3.1891083754567e-07,0,0
2013-01-11 04:38:00,1.1374070736472866e-08,3.358993513478472e-07,0,0
2013-01-11 04:39:00,1.083389933216986e-08,3.2345882757200976e-07,0,0
2013-01-11 04:40:00,1.1202686339019112e-08,3.2703507616261844e-07,0,0
2013-01-11 04:41:00,1.089413767703607e-08,3.415723331104972e-07,0,0
2013-01-11 04:42:00,1.1518229823187765e-08,3.530859187291668e-07,0,0
2013-01-11 04:43:00,1.1417515470875961e-08,3.0515353280906195e-07,0,0
2013-01-11 04:44:00,1.033641633765186e-08,3.595595338142329e-07,0,0
2013-01-11 04:45:00,1.153269797143226e-08,2.891168872885806e-07,0,0
2013-01-11 04:46:00,1.0624576010045569e-08,3.2402501957561506e-07,0,0
2013-01-11 04:47:00,1.1450366153515058e-08,3.39096018901209e-07,0,0
2013-01-11 04:48:00,1.1222933543453261e-08,3.327050900504089e-07,0,0
2013-01-11 04:49:00,1.192313422038003e-08,3.164273367997183e-07,0,0
2013-01-11 04:50:00,1.0839053970643169e-08,3.2048878010734666e-07,0,0
2013-01-11 04:51:00,1.0563606609778236e-08,3.2369725716915345e-07,0,0
2013-01-11 04:52:00,1.1090124303788056e-08,3.1256644427586165e-07,0,0
2013-01-11 04:53:00,1.0741732709532852e-08,3.468804953041157e-07,0,0
2013-01-11 04:54:00,1.1411874038062229e-08,3.296826238516006e-07,0,0
2013-01-11 04:55:00,1.007841904047344e-08,3.1385014868740644e-07,0,0
2013-01-11 04:56:00,1.0513562811110479e-08,3.366404969878904e-07,0,0
2013-01-11 04:57:00,1.0108998768372575e-08,3.3146623758640546e-07,0,0
2013-01-11 04:58:00,1.1495738024029144e-08,3.474362622464165e-07,0,0
2013-01-11 04:59:00,1.1933565114452375e-08,3.4204947933269293e-07,0,0
2013-01-11 05:00:00,1.0863676163960156e-08,3.2051934432042803e-07,0,0
2013-01-11 05:01:00,1.1047714448283666e-08,3.2254142031588335e-07,0,0
2013-01-11 05:02:00,1.0918128852074772e-08,3.360604279014599e-07,0,0
2013-01-11 05:03:00,1.170276909721306e-08,3.3762772067619686e-07,0,0
2013-01-11 05:04:00,1.050907927240059e-08,3.248707814693312e-07,0,0
2013-01-11 05:05:00,1.1229259750348652e-08,3.377362903055631e-07,0,0
2013-01-11 05:06:00,1.1454147612937886e-08,3.4490880503291e-07,0,0
2013-01-11 05:07:00,1.117870867794411e-08,3.2408136068927474e-07,0,0
2013-01-11 05:08:00,1.1188710254901027e-08,3.4283272011241464e-07,0,0
2013-01-11 05:09:00,1.1581412739948784e-08,3.351025680123068e-07,0,0
2013-01-11 05:10:00,9.434298303192265e-09,3.2368190552601204e-07,0,0
2013-01-11 05:11:00,1.1301943937785995e-08,3.514833753717152e-07,0,0
2013-01-11 05:12:00,1.0663756129148326e-08,3.5463551839775037e-07,0,0
2013-01-11 05:13:00,1.0102687526391696e-08,3.3996272357632716e-07,0,0
2013-01-11 05:14:00,1.1196461679056773e-08,3.4394694395149697e-07,0,0
2013-01-11 05:15:00,1.1470254626401489e-08,3.203752305757512e-07,0,0
2013-01-11 05:16:00,1.0958918952348401e-08,3.4444517888629316e-07,0,0
2013-01-11 05:17:00,1.1396515764564122e-08,3.1499125135148937e-07,0,0
2013-01-11 05:18:00,1.1703780686488325e-08,3.3302551411191147e-07,0,0
2013-01-11 05:19:00,1.144741329732368e-08,3.2957561967858256e-07,0,0
2013-01-11 05:20:00,1.2005082720673333e-08,3.320772804481538e-07,0,0
2013-01-11 05:21:00,1.1413879873389764e-08,3.4165356113777615e-07,0,0
2013-01-11 05:22:00,1.1005396263848376e-08,3.1749293034343216e-07,0,0
2013-01-11 05:23:00,1.0280326414415933e-08,3.7236143545684997e-07,0,0
2013-01-11 05:24:00,1.0917217434227003e-08,3.087028379756065e-07,0,0
2013-01-11 05:25:00,1.069647082334349e-08,3.068525506851745e-07,0,0
2013-01-11 05:26:00,1.2109877149869054e-08,3.454650815427281e-07,0,0
2013-01-11 05:27:00,1.0890114409367179e-08,3.4715679636499694e-07,0,0
2013-01-11 05:28:00,1.0896647163552465e-08,3.446653902370056e-07,0,0
2013-01-11 05:29:00,1.1275347605889389e-08,3.425097895252956e-07,0,0
2013-01-11 05:30:00,1.0990702505176048e-08,3.354628623357621e-07,0,0
2013-01-11 05:31:00,1.2027021179908608e-08,3.094065669248361e-07,0,0
2013-01-11 05:32:00,1.0660268184662103e-08,3.393684838754276e-07,0,0
2013-01-11 05:33:00,1.1163017258477845e-08,3.264324627924554e-07,0,0
2013-01-11 05:34:00,1.0663388212178602e-08,3.499673832587406e-07,0,0
2013-01-11 05:35:00,1.0507459787612165e-08,3.363177210049885e-07,0,0
2013-01-11 05:36:00,1.0631881069170448e-08,3.0821880154498903e-07,0,0
2013-01-11 05:37:00,1.0880625837342923e-08,3.21971741028674e-07,0,0
2013-01-11 05:38:00,1.0786597832768045e-08,3.330696717353406e-07,0,0
2013-01-11 05:39:00,1.0541495454365315e-08,3.2431617848565565e-07,0,0
2013-01-11 05:40:00,1.0397825245993127e-08,3.1135075707588376e-07,0,0
2013-01-11 05:41:00,1.092272944504553e-08,3.377311961499274e-07,0,0
2013-01-11 05:42:00,1.0143428104277283e-08,3.408283190796335e-07,0,0
2013-01-11 05:43:00,1.1376167136274968e-08,3.2513837992716804e-07,0,0
2013-01-11 05:44:00,1.1114903689633339e-08,3.236681717198021e-07,0,0
2013-01-11 05:45:00,1.0209158890791724e-08,3.2884883341744996e-07,0,0
2013-01-11 05:46:00,1.0765302156077429e-08,3.0266656496273503e-07,0,0
2013-01-11 05:47:00,1.075903942709886e-08,3.1377993144583665e-07,0,0
2013-01-11 05:48:00,1.1090000259853914e-08,3.2221472442271376e-07,0,0
2013-01-11 05:49:00,1.1764894033948833e-08,3.262690598326112e-07,0,0
2013-01-11 05:50:00,1.0079933261153853e-08,3.330529009015479e-07,0,0
2013-01-11 05:51:00,1.0899579153406807e-08,3.451111401074843e-07,0,0
2013-01-11 05:52:00,1.09597367305261e-08,3.390870053199574e-07,0,0
2013-01-11 05:53:00,1.1269544170336843e-08,3.3691570844957885e-07,0,0
2013-01-11 05:54:00,1.1199845096147085e-08,3.232746582382907e-07,0,0
2013-01-11 05:55:00,1.0497623144151253e-08,3.148072759506406e-07,0,0
2013-01-11 05:56:00,1.0895057585435061e-08,3.347278767319388e-07,0,0
2013-01-11 05:57:00,1.0681298143109756e-08,3.189945937486723e-07,0,0
2013-01-11 05:58:00,1.1694125778729104e-08,3.3629071133038646e-07,0,0
2013-01-11 05:59:00,1.1036853951115017e-08,3.2131853916681357e-07,0,0
2013-01-11 06:00:00,1.2073836819806635e-08,3.387439249061763e-07,0,0
2013-01-11 06:01:00,1.090903029056782e-08,3.7062604393612755e-07,0,0
2013-01-11 06:02:00,1.076425271666603e-08,3.198658919011864e-07,0,0
2013-01-11 06:03:00,1.0128139988789663e-08,3.4198581820790866e-07,0,0
2013-01-11 06:04:00,9.947801025418213e-09,3.4071677330501497e-07,0,0
2013-01-11 06:05:00,1.022863158093678e-08,3.272976992141785e-07,0,0
2013-01-11 06:06:00,1.1067914166679063e-08,3.3591355788476046e-07,0,0
2013-01-11 06:07:00,1.1187867374387145e-08,3.265270192321599e-07,0,0
2013-01-11 06:08:00,1.0018874195994006e-08,3.327410220982616e-07,0,0
2013-01-11 06:09:00,1.1454308454123889e-08,3.081756351734724e-07,0,0
2013-01-11 06:10:00,1.0728250328734948e-08,3.3339082612465903e-07,0,0
2013-01-11 06:11:00,1.1104127239193443e-08,3.3977382059153786e-07,0,0
2013-01-11 06:12:00,1.2017021547722458e-08,3.579810830771211e-07,0,0
2013-01-11 06:13:00,1.1555428184974397e-08,3.514516264292809e-07,0,0
2013-01-11 06:14:00,1.0832298726713925e-08,3.6928390698477127e-07,0,0
2013-01-11 06:15:00,1.049866535855729e-08,3.1825504448789644e-07,0,0
2013-01-11 06:16:00,9.926701361324061e-09,3.402276026718475e-07,0,0
2013-01-11 06:17:00,1.0736014415307226e-08,3.293921088652898e-07,0,0
2013-01-11 06:18:00,1.0893980631044985e-08,3.7401145598852745e-07,0,0
2013-01-11 06:19:00,1.0419959803956283e-08,3.2400895172695603e-07,0,0
2013-01-11 06:20:00,1.0824877607206173e-08,3.15128503217993e-07,0,0
2013-01-11 06:21:00,1.0893511317688733e-08,3.2036153176856343e-07,0,0
2013-01-11 06:22:00,1.0938986013268826e-08,2.9210204111694367e-07,0,0
2013-01-11 06:23:00,1.0701059559637184e-08,3.2715140858923623e-07,0,0
2013-01-11 06:24:00,1.1145240719489602e-08,3.2087437550403625e-07,0,0
2013-01-11 06:25:00,1.1226699753377922e-08,3.4201342042613195e-07,0,0
2013-01-11 06:26:00,1.0550816049136484e-08,3.310955805550582e-07,0,0
2013-01-11 06:27:00,1.1748041752035938e-08,3.6033231010789136e-07,0,0
2013-01-11 06:28:00,1.1033876324137726e-08,3.469787788357909e-07,0,0
2013-01-11 06:29:00,1.0998345615530918e-08,3.236121236065419e-07,0,0
2013-01-11 06:30:00,1.132663739544223e-08,3.1417601143310484e-07,0,0
2013-01-11 06:31:00,1.1178868983307e-08,3.335667192299649e-07,0,0
2013-01-11 06:32:00,1.156749985139028e-08,3.1304864773989395e-07,0,0
2013-01-11 06:33:00,1.1184082134731147e-08,3.6490571483670356e-07,0,0
2013-01-11 06:34:00,1.0665567563772631e-08,3.4510947658261473e-07,0,0
2013-01-11 06:35:00,1.1184808406702285e-08,3.287794924228054e-07,0,0
2013-01-11 06:36:00,1.0615630854030311e-08,3.0841683126232457e-07,0,0
2013-01-11 06:37:00,1.1165026163242785e-08,3.533601649818792e-07,0,0
2013-01-11 06:38:00,1.104013017076468e-08,3.280984381293366e-07,0,0
2013-01-11 06:39:00,1.0882811234361758e-08,3.5337198324393484e-07,0,0
2013-01-11 06:40:00,1.1014941873282969e-08,2.999780675445282e-07,0,0
2013-01-11 06:41:00,1.0049260440012203e-08,3.1993622701353947e-07,0,0
2013-01-11 06:42:00,1.0688415534424242e-08,3.188154424704228e-07,0,0
2013-01-11 06:43:00,1.100296598815575e-08,3.346237669833668e-07,0,0
2013-01-11 06:44:00,1.1061424972504398e-08,3.143035885329147e-07,0,0
2013-01-11 06:45:00,1.0113531520827751e-08,3.473537098734033e-07,0,0
2013-01-11 06:46:00,1.1718050152181763e-08,3.1061762569716494e-07,0,0
2013-01-11 06:47:00,1.5505311717355102e-06,5.459524243101582e-06,0,0
2013-01-11 06:48:00,2.396984135785117e-06,8.279190682392336e-06,0,0
2013-01-11 06:49:00,3.705643497275275e-06,1.2651207863870383e-05,0,0
2013-01-11 06:50:00,5.732549564381449e-06,1.942177181293311e-05,0,0
2013-01-11 06:51:00,8.874459948530487e-06,2.9840379740229457e-05,0,0
2013-01-11 06:52:00,1.3736697468904451e-05,4.6066177740941556e-05,0,0
2013-01-11 06:53:00,2.1271499501729658e-05,7.121914258133931e-05,0,0
2013-01-11 06:54:00,3.2939638904880266e-05,0.0001100888916200864,0,0
2013-01-11 06:55:00,5.10107050552069e-05,0.00017031166482695345,0,0
2013-01-11 06:56:00,4.749588364892615e-05,0.00015864469428056608,0,0
2013-01-11 06:57:00,4.422160892366915e-05,0.00014769549174297852,0,0
2013-01-11 06:58:00,4.117399588988431e-05,0.0001375532700332094,0,0
2013-01-11 06:59:00,3.8336522494892655e-05,0.00012808694060770055,0,0
2013-01-11 07:00:00,3.569424349662106e-05,0.00011931069580519579,0,0
2013-01-11 07:01:00,3.323485960189823e-05,0.00011109905798564031,0,0
2013-01-11 07:02:00,3.094447080090611e-05,0.00010343612508625455,0,0
2013-01-11 07:03:00,2.881071012558869e-05,9.634218526122862e-05,0,0
2013-01-11 07:04:00,2.6827049248616205e-05,8.972907936966406e-05,0,0
2013-01-11 07:05:00,2.4976681633087996e-05,8.357946700496784e-05,0,0
2013-01-11 07:06:00,2.3257047865538245e-05,7.780091214650567e-05,0,0
2013-01-11 07:07:00,2.1654498709213838e-05,7.248537941975253e-05,0,0
2013-01-11 07:08:00,2.0161293306204908e-05,6.752536561420391e-05,0,0
2013-01-11 07:09:00,1.877259319372176e-05,6.284047713964258e-05,0,0
2013-01-11 07:10:00,1.7478936205011956e-05,5.853201871159992e-05,0,0
2013-01-11 07:11:00,1.62750437313841e-05,5.451307280196971e-05,0,0
2013-01-11 07:12:00,1.5153783004765896e-05,5.0811298537777654e-05,0,0
2013-01-11 07:13:00,1.411044924193544e-05,4.733242156261387e-05,0,0
2013-01-11 07:14:00,1.3138787948408002e-05,4.410942576670431e-05,0,0
2013-01-11 07:15:00,1.2233970038818236e-05,4.107237245985427e-05,0,0
2013-01-11 07:16:00,1.1390130163766034e-05,3.8288067139928095e-05,0,0
2013-01-11 07:17:00,1.0606115403772596e-05,3.5618698794966645e-05,0,0
2013-01-11 07:18:00,9.874749161261884e-06,3.318959736264134e-05,0,0
2013-01-11 07:19:00,9.195288758510117e-06,3.0954604696436934e-05,0,0
2013-01-11 07:20:00,8.562892595810146e-06,2.884065298229921e-05,0,0
2013-01-11 07:21:00,7.973945129469743e-06,2.6863143221220026e-05,0,0
2013-01-11 07:22:00,7.423489611220837e-06,2.4998589577818305e-05,0,0
2013-01-11 07:23:00,6.912753354764202e-06,2.3334869290106573e-05,0,0
2013-01-11 07:24:00,6.437107124067702e-06,2.173376184674053e-05,0,0
2013-01-11 07:25:00,5.9943881504850536e-06,2.028574632800495e-05,0,0
2013-01-11 07:26:00,5.581184959545574e-06,1.890330788287606e-05,0,0
2013-01-11 07:27:00,5.197908225063184e-06,1.7599088997422877e-05,0,0
2013-01-11 07:28:00,4.839983215521313e-06,1.6411389171827894e-05,0,0
2013-01-11 07:29:00,4.507293960087994e-06,1.5302675407341387e-05,0,0
2013-01-11 07:30:00,4.197562279627261e-06,1.4285693927779626e-05,0,0
2013-01-11 07:31:00,3.9085683348059525e-06,1.3328417565892096e-05,0,0
2013-01-11 07:32:00,3.639790073442552e-06,1.2416597643213648e-05,0,0
2013-01-11 07:33:00,3.38972572933742e-06,1.1601661714747793e-05,0,0
2013-01-11 07:34:00,3.156571995319637e-06,1.0812376667189717e-05,0,0
2013-01-11 07:35:00,2.9398565280376886e-06,1.0071550207197696e-05,0,0
2013-01-11 07:36:00,2.737912337962876e-06,9.409286598180442e-06,0,0
2013-01-11 07:37:00,2.55107988561349e-06,8.773879994016193e-06,0,0
2013-01-11 07:38:00,2.3752093523248564e-06,8.201190414527224e-06,0,0
2013-01-11 07:39:00,2.211554697671749e-06,7.654267662622576e-06,0,0
2013-01-11 07:40:00,2.060705713560545e-06,7.195758170676104e-06,0,0
2013-01-11 07:41:00,1.9188589484985934e-06,6.686834337570529e-06,0,0
2013-01-11 07:42:00,1.7879583769666254e-06,6.2325724114058866e-06,0,0
2013-01-11 07:43:00,1.6651008529168885e-06,5.850320960226111e-06,0,0
2013-01-11 07:44:00,1.5511819393929073e-06,5.453845837146988e-06,0,0
2013-01-11 07:45:00,1.4450110067956636e-06,5.111100215915481e-06,0,0
2013-01-11 07:46:00,1.345194120515404e-06,4.7857647676728065e-06,0,0
2013-01-11 07:47:00,1.2532456317980695e-06,4.490720542340763e-06,0,0
2013-01-11 07:48:00,1.1673752871579522e-06,4.179303549937172e-06,0,0
2013-01-11 07:49:00,1.0884917128096943e-06,3.908503069770164e-06,0,0
2013-01-11 07:50:00,1.015104385769861e-06,3.663731203165311e-06,0,0
2013-01-11 07:51:00,9.462265548121475e-07,3.402983592118334e-06,0,0
2013-01-11 07:52:00,8.809270727226416e-07,3.2038020461837195e-06,0,0
2013-01-11 07:53:00,8.209310939023905e-07,3.049041736570485e-06,0,0
2013-01-11 07:54:00,7.63853062077475e-07,2.864439958573706e-06,0,0
2013-01-11 07:55:00,7.124116166442723e-07,2.661258983589792e-06,0,0
2013-01-11 07:56:00,6.640649747954193e-07,2.5146928911956362e-06,0,0
2013-01-11 07:57:00,6.188521987411049e-07,2.3489842820987723e-06,0,0
2013-01-11 07:58:00,5.771324286898657e-07,2.271179084263946e-06,0,0
2013-01-11 07:59:00,5.38189710437739e-07,2.098236069747607e-06,0,0
2013-01-11 08:00:00,5.010295328365313e-07,1.9552385096347535e-06,0,0
2013-01-11 08:01:00,4.685509638066341e-07,1.8265177757938859e-06,0,0
2013-01-11 08:02:00,4.3591023307939027e-07,1.7108964332675645e-06,0,0
2013-01-11 08:03:00,4.0732419016766893e-07,1.643665555024221e-06,0,0
2013-01-11 08:04:00,3.8109498579612157e-07,1.5403221381635154e-06,0,0
2013-01-11 08:05:00,3.5384219336704723e-07,1.4584898670878872e-06,0,0
2013-01-11 08:06:00,3.294343811182448e-07,1.3790569829202071e-06,0,0
2013-01-11 08:07:00,3.0865060466316493e-07,1.3022080809512344e-06,0,0
2013-01-11 08:08:00,2.88958001078015e-07,1.2805765361486444e-06,0,0
2013-01-11 08:09:00,2.7015275143574683e-07,1.2014466035092407e-06,0,0
2013-01-11 08:10:00,2.507039221264387e-07,1.1262015091804364e-06,0,0
2013-01-11 08:11:00,2.347788682482177e-07,1.0903991559035383e-06,0,0
2013-01-11 08:12:00,2.1907990776180122e-07,1.0284016918375206e-06,0,0
2013-01-11 08:13:00,2.0475490208447126e-07,9.672553990973678e-07,0,0
2013-01-11 08:14:00,1.930744360829821e-07,9.445598262060882e-07,0,0
2013-01-11 08:15:00,1.7824557701117334e-07,8.8941900841529e-07,0,0
2013-01-11 08:16:00,1.6772540214880498e-07,8.291186835382588e-07,0,0
2013-01-11 08:17:00,1.5682392538657498e-07,8.02971652442415e-07,0,0
2013-01-11 08:18:00,1.472662702283716e-07,7.659070716859904e-07,0,0
2013-01-11 08:19:00,1.3726233661612928e-07,7.206838786753175e-07,0,0
2013-01-11 08:20:00,1.2867193818018134e-07,7.430951949153644e-07,0,0
2013-01-11 08:21:00,1.201751893701291e-07,7.282221266006079e-07,0,0
2013-01-11 08:22:00,1.129080418094227e-07,6.436598452092204e-07,0,0
2013-01-11 08:23:00,1.0562437224455427e-07,6.553776270872704e-07,0,0
2013-01-11 08:24:00,9.959308430667713e-08,6.142279578188879e-07,0,0
2013-01-11 08:25:00,9.298435927017278e-08,5.880548242051401e-07,0,0
2013-01-11 08:26:00,8.769241476259196e-08,5.661332504912131e-07,0,0
2013-01-11 08:27:00,8.22539516331172e-08,5.486670180982045e-07,0,0
2013-01-11 08:28:00,7.798364517628855e-08,5.505869405865036e-07,0,0
2013-01-11 08:29:00,7.254837536164847e-08,5.176546664181338e-07,0,0
2013-01-11 08:30:00,6.758352809904352e-08,5.123614773270413e-07,0,0
2013-01-11 08:31:00,6.502150402040099e-08,4.976915842034027e-07,0,0
2013-01-11 08:32:00,6.03175763431634e-08,4.858962738682168e-07,0,0
2013-01-11 08:33:00,5.700548415665909e-08,4.6381908683940076e-07,0,0
2013-01-11 08:34:00,5.357411704758234e-08,4.684505193277876e-07,0,0
2013-01-11 08:35:00,5.187000344698235e-08,4.6326761450544215e-07,0,0
2013-01-11 08:36:00,4.7173703614479076e-08,4.591312925327922e-07,0,0
2013-01-11 08:37:00,4.747572328757394e-08,4.317239874326196e-07,0,0
2013-01-11 08:38:00,4.4028669371513727e-08,4.445479744744882e-07,0,0
2013-01-11 08:39:00,4.1119141880672213e-08,4.3436616571912886e-07,0,0
2013-01-11 08:40:00,3.886218890069233e-08,3.935699781301678e-07,0,0
2013-01-11 08:41:00,1.0924542133645095e-08,3.3460700122305086e-07,0,0
2013-01-11 08:42:00,1.1111967990567924e-08,3.13239806524603e-07,0,0
2013-01-11 08:43:00,1.1095036159984576e-08,3.3154071963775104e-07,0,0
2013-01-11 08:44:00,1.1173230755385793e-08,3.1271007894033645e-07,0,0
2013-01-11 08:45:00,1.0852147960837914e-08,2.820312715184225e-07,0,0
2013-01-11 08:46:00,1.0424549612733093e-08,3.006475417974351e-07,0,0
2013-01-11 08:47:00,1.0611080739060343e-08,3.237566015254416e-07,0,0
2013-01-11 08:48:00,1.0581710893567086e-08,3.2536203145752205e-07,0,0
2013-01-11 08:49:00,1.1413446804302341e-08,3.1816552867125193e-07,0,0
2013-01-11 08:50:00,1.0797111072594242e-08,3.291610704161726e-07,0,0
2013-01-11 08:51:00,9.520652550044718e-09,2.9431227573707133e-07,0,0
2013-01-11 08:52:00,1.1141088132473506e-08,3.308035202518166e-07,0,0
2013-01-11 08:53:00,1.0847109807045254e-08,2.987494671221215e-07,0,0
2013-01-11 08:54:00,1.0832388428641164e-08,3.0866053260976196e-07,0,0
2013-01-11 08:55:00,1.074934650950402e-08,3.2166527245673885e-07,0,0
2013-01-11 08:56:00,1.1424959817659125e-08,3.122101653980292e-07,0,0
2013-01-11 08:57:00,1.1329908563387195e-08,3.163721353486413e-07,0,0
2013-01-11 08:58:00,1.0319114135323166e-08,3.3148301360859955e-07,0,0
2013-01-11 08:59:00,1.0915071200500175e-08,3.094756146082732e-07,0,0
2013-01-11 09:00:00,1.0150675594606617e-08,3.3184631080315167e-07,0,0
2013-01-11 09:01:00,9.906833833091513e-09,3.0306545259253384e-07,0,0
2013-01-11 09:02:00,1.0300948056840878e-08,3.317380756871419e-07,0,0
2013-01-11 09:03:00,1.103287749992585e-08,3.4697315462068144e-07,0,0
2013-01-11 09:04:00,1.1207832753592428e-08,2.746302577835569e-07,0,0
2013-01-11 09:05:00,1.0799652089161329e-08,3.1350189241208526e-07,0,0
2013-01-11 09:06:00,1.1100814147260125e-08,3.3126306641192723e-07,0,0
2013-01-11 09:07:00,1.0959671782664743e-08,3.2420434376578347e-07,0,0
2013-01-11 09:08:00,1.0358335082271913e-08,3.2864616462974796e-07,0,0
2013-01-11 09:09:00,1.0858466555709623e-08,3.1630489803063837e-07,0,0
2013-01-11 09:10:00,1.1417902121527164e-08,3.239529592049285e-07,0,0
2013-01-11 09:11:00,1.1217283320371815e-08,3.2438279883975194e-07,0,0
2013-01-11 09:12:00,1.1196819306845364e-08,3.4189079938468074e-07,0,0
2013-01-11 09:13:00,1.1072374099128542e-08,3.2354526927277605e-07,0,0
2013-01-11 09:14:00,1.0789561931903837e-08,3.3664778418841464e-07,0,0
2013-01-11 09:15:00,1.1142452121390892e-08,3.1767018781861515e-07,0,0
2013-01-11 09:16:00,1.0506658973579307e-08,3.148135150120016e-07,0,0
2013-01-11 09:17:00,1.0235241614673054e-08,3.0632598161352645e-07,0,0
2013-01-11 09:18:00,1.0493557326168778e-08,3.193661022336199e-07,0,0
2013-01-11 09:19:00,1.0352436338325176e-08,3.14156749026599e-07,0,0
2013-01-11 09:20:00,1.0387615331734526e-08,3.24631307077614e-07,0,0
2013-01-11 09:21:00,1.0698928311005463e-08,3.509701869115821e-07,0,0
2013-01-11 09:22:00,1.013640201269617e-08,3.3395116873207416e-07,0,0
2013-01-11 09:23:00,1.0516470054920042e-08,3.217276326376739e-07,0,0
2013-01-11 09:24:00,9.731138410311462e-09,3.420532216779157e-07,0,0
2013-01-11 09:25:00,1.0691082869844998e-08,3.0659500176164983e-07,0,0
2013-01-11 09:26:00,1.0544633594103235e-08,2.87206366706075e-07,0,0
2013-01-11 09:27:00,1.0353654602089043e-08,2.9884996923708733e-07,0,0
2013-01-11 09:28:00,1.0992754815020835e-08,2.880555061850887e-07,0,0
2013-01-11 09:29:00,1.1183713379792405e-08,3.10711579920551e-07,0,0
2013-01-11 09:30:00,9.70594632576062e-09,3.1612664331764017e-07,0,0
2013-01-11 09:31:00,1.008520694643176e-08,3.3965642218574385e-07,0,0
2013-01-11 09:32:00,1.0143561260407414e-08,3.226156703986167e-07,0,0
2013-01-11 09:33:00,1.009804570338305e-08,3.116412257607189e-07,0,0
2013-01-11 09:34:00,1.0935587665539233e-08,3.166118993718263e-07,0,0
2013-01-11 09:35:00,1.0486783934477135e-08,2.947103366224692e-07,0,0
2013-01-11 09:36:00,1.02784300552431e-08,3.267985696481085e-07,0,0
2013-01-11 09:37:00,9.461885730589244e-09,3.2807914818762345e-07,0,0
2013-01-11 09:38:00,1.0987875782127832e-08,2.948551342097722e-07,0,0
2013-01-11 09:39:00,1.0000677017967257e-08,3.30085903233484e-07,0,0
2013-01-11 09:40:00,1.0564675562662695e-08,3.310562899771838e-07,0,0
2013-01-11 09:41:00,1.0614366647783482e-08,3.200272896916386e-07,0,0
2013-01-11 09:42:00,1.1205989059524335e-08,3.279202866970562e-07,0,0
2013-01-11 09:43:00,9.855000235733382e-09,3.6005186619462397e-07,0,0
2013-01-11 09:44:00,9.142707942189407e-09,3.2050142830842114e-07,0,0
2013-01-11 09:45:00,1.0744384603452177e-08,3.1389330873755563e-07,0,0
2013-01-11 09:46:00,1.1494677785283145e-08,3.0726766608104065e-07,0,0
2013-01-11 09:47:00,1.1105461766549614e-08,3.0390068731499516e-07,0,0
2013-01-11 09:48:00,1.0681032039612556e-08,3.2742947274037933e-07,0,0
2013-01-11 09:49:00,1.0201197156473665e-08,3.01842440454644e-07,0,0
2013-01-11 09:50:00,1.0917844338960097e-08,3.1674973628722927e-07,0,0
2013-01-11 09:51:00,1.0164229278498612e-08,3.0810184591230185e-07,0,0
2013-01-11 09:52:00,1.0864882011474883e-08,3.237688164794748e-07,0,0
2013-01-11 09:53:00,1.0809867001547302e-08,3.157492137366348e-07,0,0
2013-01-11 09:54:00,1.0966538770081549e-08,3.288498113810253e-07,0,0
2013-01-11 09:55:00,1.209445735422621e-08,3.011497621915491e-07,0,0
2013-01-11 09:56:00,1.082807395432436e-08,3.1606631846475685e-07,0,0
2013-01-11 09:57:00,1.0208093908904675e-08,2.8970550766304577e-07,0,0
2013-01-11 09:58:00,1.0627661020205086e-08,3.1402280259007804e-07,0,0
2013-01-11 09:59:00,9.742418845042512e-09,3.279980210657289e-07,0,0
2013-01-11 10:00:00,1.0306388066346937e-08,3.2559105658612e-07,0,0
2013-01-11 10:01:00,1.031257693349376e-08,2.876362240722575e-07,0,0
2013-01-11 10:02:00,1.027823758430667e-08,3.269046631619813e-07,0,0
2013-01-11 10:03:00,1.070863639685453e-08,3.3635407709231376e-07,0,0
2013-01-11 10:04:00,1.0105609434520521e-08,3.1601206499095656e-07,0,0
2013-01-11 10:05:00,1.1033415366634934e-08,3.4273532007303206e-07,0,0
2013-01-11 10:06:00,1.0430797295047568e-08,3.099906807991736e-07,0,0
2013-01-11 10:07:00,1.0490684671602932e-08,2.9852100497530967e-07,0,0
2013-01-11 10:08:00,1.016856848082966e-08,2.826893579230722e-07,0,0
2013-01-11 10:09:00,1.0531165056953375e-08,3.30313816623148e-07,0,0
2013-01-11 10:10:00,1.1010317767109738e-08,3.2260503891608874e-07,0,0
2013-01-11 10:11:00,9.793442445328117e-09,3.1174889991142386e-07,0,0
2013-01-11 10:12:00,1.0267439042014405e-08,3.204714404432148e-07,0,0
2013-01-11 10:13:00,1.040320090299021e-08,2.936242918215835e-07,0,0
2013-01-11 10:14:00,9.718831857491708e-09,3.566518685997225e-07,0,0
2013-01-11 10:15:00,1.0075917776844802e-08,3.249245080822634e-07,0,0
2013-01-11 10:16:00,1.0191433122303212e-08,3.1889552460855245e-07,0,0
2013-01-11 10:17:00,1.102199049685364e-08,3.243085528825646e-07,0,0
2013-01-11 10:18:00,1.0664900164538566e-08,3.195645688181429e-07,0,0
2013-01-11 10:19:00,1.0386260754614653e-08,3.1448335750068016e-07,0,0
2013-01-11 10:20:00,1.09325631163961e-08,3.064154123350152e-07,0,0
2013-01-11 10:21:00,1.0325081601588246e-08,3.1682631239647667e-07,0,0
2013-01-11 10:22:00,1.0626552083969102e-08,3.4343915136130296e-07,0,0
2013-01-11 10:23:00,1.0282595215682587e-08,3.3425525451762566e-07,0,0
2013-01-11 10:24:00,1.0718795903890078e-08,3.355242010588013e-07,0,0
2013-01-11 10:25:00,1.0206326309501764e-08,2.972933425868387e-07,0,0
2013-01-11 10:26:00,9.129461521284909e-09,2.984673117546797e-07,0,0
2013-01-11 10:27:00,1.0189990870569421e-08,3.0953006988101324e-07,0,0
2013-01-11 10:28:00,1.1116376683748799e-08,3.1504012796871244e-07,0,0
2013-01-11 10:29:00,1.0920646909837941e-08,3.264001031372007e-07,0,0
2013-01-11 10:30:00,1.0918314677466146e-08,2.9226191894344866e-07,0,0
2013-01-11 10:31:00,1.1163783995999212e-08,3.316644212950034e-07,0,0
2013-01-11 10:32:00,1.049790464285653e-08,3.172962770771825e-07,0,0
2013-01-11 10:33:00,1.056853330118757e-08,2.9575604192494254e-07,0,0
2013-01-11 10:34:00,1.0082200352466923e-08,2.9777146323353044e-07,0,0
2013-01-11 10:35:00,1.0059264092361645e-08,2.885136143770298e-07,0,0
2013-01-11 10:36:00,1.06608202460335e-08,3.1977386558243553e-07,0,0
2013-01-11 10:37:00,1.1100790221214894e-08,3.1383711853377405e-07,0,0
2013-01-11 10:38:00,1.0271341101799001e-08,2.974579750277358e-07,0,0
2013-01-11 10:39:00,1.0164364075740711e-08,2.797866384576733e-07,0,0
2013-01-11 10:40:00,1.0308594062714195e-08,3.075549591051004e-07,0,0
2013-01-11 10:41:00,1.054852896507955e-08,3.2460336841669386e-07,0,0
2013-01-11 10:42:00,9.600031153919005e-09,3.0113367368093575e-07,0,0
2013-01-11 10:43:00,9.238558031938362e-09,2.9554851194095765e-07,0,0
2013-01-11 10:44:00,9.977848611067594e-09,3.0302053501782364e-07,0,0
2013-01-11 10:45:00,9.684990199896707e-09,2.995252675387621e-07,0,0
2013-01-11 10:46:00,9.9627168771688e-09,2.694354962735309e-07,0,0
2013-01-11 10:47:00,1.0347314984097282e-08,3.188398963269397e-07,0,0
2013-01-11 10:48:00,1.0046744133782844e-08,2.96506139671384e-07,0,0
2013-01-11 10:49:00,1.122434255840869e-08,3.1478210869179313e-07,0,0
2013-01-11 10:50:00,1.0621336584888816e-08,3.463769809423989e-07,0,0
2013-01-11 10:51:00,1.0442382894478566e-08,3.3602387032241263e-07,0,0
2013-01-11 10:52:00,1.0514808071546211e-08,3.040745449380329e-07,0,0
2013-01-11 10:53:00,9.508354808085564e-09,2.8578434593780766e-07,0,0
2013-01-11 10:54:00,1.0683244129307165e-08,3.6129848874561807e-07,0,0
2013-01-11 10:55:00,1.0101676923710938e-08,3.1722418022112044e-07,0,0
2013-01-11 10:56:00,1.0761826552223833e-08,3.1182121075574947e-07,0,0
2013-01-11 10:57:00,9.745219978787864e-09,3.036522593460694e-07,0,0
2013-01-11 10:58:00,9.536975369355124e-09,3.107795683541085e-07,0,0
2013-01-11 10:59:00,1.0467381520746116e-08,3.0481733898359195e-07,0,0
2013-01-11 11:00:00,1.0331956297114338e-08,3.0066021906821526e-07,0,0
2013-01-11 11:01:00,9.88922282137889e-09,3.0653870082235754e-07,0,0
2013-01-11 11:02:00,9.84102908550772e-09,3.1134707640783924e-07,0,0
2013-01-11 11:03:00,1.082247071254922e-08,2.9370124259671295e-07,0,0
2013-01-11 11:04:00,9.705229515780097e-09,3.033250714215737e-07,0,0
2013-01-11 11:05:00,1.1275493874066467e-08,3.10275906106696e-07,0,0
2013-01-11 11:06:00,9.75886248735129e-09,3.064914131675956e-07,0,0
2013-01-11 11:07:00,1.056588330702798e-08,3.3811185307430406e-07,0,0
2013-01-11 11:08:00,1.0075636188167397e-08,2.630591396781381e-07,0,0
2013-01-11 11:09:00,1.0770814041578926e-08,3.2357808966879037e-07,0,0
2013-01-11 11:10:00,9.730374777301887e-09,3.2347583019917074e-07,0,0
2013-01-11 11:11:00,1.019574126074072e-08,2.6830236686257435e-07,0,0
2013-01-11 11:12:00,1.0215340193423845e-08,3.0270962150212917e-07,0,0
2013-01-11 11:13:00,9.759719269930566e-09,3.129755807482388e-07,0,0
2013-01-11 11:14:00,1.0516433240016275e-08,2.7593129902999604e-07,0,0
2013-01-11 11:15:00,9.929951998233246e-09,2.9396683394339166e-07,0,0
2013-01-11 11:16:00,1.0144142679839806e-08,2.923561088901151e-07,0,0
2013-01-11 11:17:00,1.000183112911154e-08,3.341272872858578e-07,0,0
2013-01-11 11:18:00,9.036854000269557e-09,3.1946838158227484e-07,0,0
2013-01-11 11:19:00,9.994379170757149e-09,3.188205641265242e-07,0,0
2013-01-11 11:20:00,1.1433326709609232e-08,3.1752437590510345e-07,0,0
2013-01-11 11:21:00,1.0528765665397808e-08,2.8449347974599795e-07,0,0
2013-01-11 11:22:00,9.973660885262242e-09,2.8604850775568953e-07,0,0
2013-01-11 11:23:00,9.99303148978896e-09,3.182830004968876e-07,0,0
2013-01-11 11:24:00,1.0239081329800218e-08,2.913658987842492e-07,0,0
2013-01-11 11:25:00,1.0304144605021768e-08,3.1581170499042404e-07,0,0
2013-01-11 11:26:00,9.668928520015846e-09,3.018823929240617e-07,0,0
2013-01-11 11:27:00,1.0771286441285636e-08,3.0396578067911764e-07,0,0
2013-01-11 11:28:00,1.0432841322210933e-08,3.1623996785099067e-07,0,0
2013-01-11 11:29:00,1.0489100392480415e-08,3.153314928134416e-07,0,0
2013-01-11 11:30:00,1.05127898097175e-08,2.9693128680083916e-07,0,0
2013-01-11 11:31:00,1.020740992394783e-08,3.2840959324850064e-07,0,0
2013-01-11 11:32:00,1.0466917244401107e-08,2.8922295410313046e-07,0,0
2013-01-11 11:33:00,1.039547799147977e-08,3.1392486820086986e-07,0,0
2013-01-11 11:34:00,9.941360704042068e-09,3.0611313651031625e-07,0,0
2013-01-11 11:35:00,9.769849516180598e-09,2.999812892044498e-07,0,0
2013-01-11 11:36:00,9.943535473801874e-09,3.038957252947023e-07,0,0
2013-01-11 11:37:00,1.1115494479683463e-08,2.81380931037436e-07,0,0
2013-01-11 11:38:00,9.502888439827112e-09,3.1305383868829793e-07,0,0
2013-01-11 11:39:00,9.415392443415257e-09,2.9456512023889426e-07,0,0
2013-01-11 11:40:00,1.0162674462786291e-08,3.0537000674726635e-07,0,0
2013-01-11 11:41:00,1.0032859891292817e-08,3.2536284947712816e-07,0,0
2013-01-11 11:42:00,1.014545643989031e-08,3.0143141387038454e-07,0,0
2013-01-11 11:43:00,1.0035650021248265e-08,2.7549798801483796e-07,0,0
2013-01-11 11:44:00,1.0183604279121731e-08,2.7976925839963663e-07,0,0
2013-01-11 11:45:00,1.0718091701242293e-08,3.0471822010898275e-07,0,0
2013-01-11 11:46:00,9.181929471262435e-09,2.795747320785184e-07,0,0
2013-01-11 11:47:00,9.602527090682091e-09,3.2470719277615326e-07,0,0
2013-01-11 11:48:00,1.0127246760377266e-08,2.7789632582203603e-07,0,0
2013-01-11 11:49:00,9.254917503902709e-09,3.2607274038883624e-07,0,0
2013-01-11 11:50:00,9.829950106140387e-09,3.0978116548442704e-07,0,0
2013-01-11 11:51:00,1.1031970290368638e-08,3.0268120477992034e-07,0,0
2013-01-11 11:52:00,1.0116324784798204e-08,3.044106075230227e-07,0,0
2013-01-11 11:53:00,1.0198568530854746e-08,2.995184464962105e-07,0,0
2013-01-11 11:54:00,9.483477140261838e-09,3.0645120156075435e-07,0,0
2013-01-11 11:55:00,9.955006920978142e-09,3.2336957069357476e-07,0,0
2013-01-11 11:56:00,1.0047657641322342e-08,2.9731249818681514e-07,0,0
2013-01-11 11:57:00,9.78446968623081e-09,3.0762862623085915e-07,0,0
2013-01-11 11:58:00,1.0831171672893776e-08,2.964687673684712e-07,0,0
2013-01-11 11:59:00,1.0323331389644879e-08,2.980749583021652e-07,0,0
2013-01-11 12:00:00,9.507275060932416e-09,3.0046654923383246e-07,0,0
2013-01-11 12:01:00,9.948157284179775e-09,2.716376949958579e-07,0,0
2013-01-11 12:02:00,1.0224010027159525e-08,2.903866966660724e-07,0,0
2013-01-11 12:03:00,1.0489176508635101e-08,3.1088632395004915e-07,0,0
2013-01-11 12:04:00,1.0883878667476877e-08,3.058901337602334e-07,0,0
2013-01-11 12:05:00,9.589401680465383e-09,2.92584625034129e-07,0,0
2013-01-11 12:06:00,9.367981276396566e-09,2.9552526172093787e-07,0,0
2013-01-11 12:07:00,9.357622011987323e-09,3.09669743870242e-07,0,0
2013-01-11 12:08:00,9.959184265461318e-09,2.8418047549216407e-07,0,0
2013-01-11 12:09:00,1.0174804370540382e-08,2.8527702975545073e-07,0,0
2013-01-11 12:10:00,1.0530812048981783e-08,3.017337963468309e-07,0,0
2013-01-11 12:11:00,9.947211307882494e-09,2.8480057144843636e-07,0,0
2013-01-11 12:12:00,9.821827387328038e-09,3.0362093328988746e-07,0,0
2013-01-11 12:13:00,9.989675725684795e-09,2.758740674302731e-07,0,0
2013-01-11 12:14:00,9.40868637509681e-09,3.1730737578516956e-07,0,0
2013-01-11 12:15:00,1.0914070296637033e-08,3.087692522986644e-07,0,0
2013-01-11 12:16:00,9.232140558187373e-09,2.967488150585336e-07,0,0
2013-01-11 12:17:00,1.001769876929758e-08,3.1128228440264653e-07,0,0
2013-01-11 12:18:00,1.0961628821540144e-08,3.2939468842853633e-07,0,0
2013-01-11 12:19:00,9.8759414868052e-09,3.173972838117232e-07,0,0
2013-01-11 12:20:00,9.78636616684706e-09,2.6430937952666337e-07,0,0
2013-01-11 12:21:00,9.835477715813233e-09,2.8052697145954593e-07,0,0
2013-01-11 12:22:00,9.779480967783137e-09,2.780294375472651e-07,0,0
2013-01-11 12:23:00,1.0466717784019385e-08,2.9754940266173794e-07,0,0
2013-01-11 12:24:00,8.93180185418749e-09,3.1406793914360575e-07,0,0
2013-01-11 12:25:00,1.0656421335095855e-08,2.8135495127802414e-07,0,0
2013-01-11 12:26:00,9.208399352227253e-09,2.95147000913295e-07,0,0
2013-01-11 12:27:00,9.910116549192259e-09,2.892403150864135e-07,0,0
2013-01-11 12:28:00,9.664123790943707e-09,2.796405633182388e-07,0,0
2013-01-11 12:29:00,1.0195279932761257e-08,2.728693971181777e-07,0,0
2013-01-11 12:30:00,8.99155349297218e-09,2.8564476513093206e-07,0,0
2013-01-11 12:31:00,1.0071497918425557e-08,2.733788619298788e-07,0,0
2013-01-11 12:32:00,1.0969607838902821e-08,2.8049257166126597e-07,0,0
2013-01-11 12:33:00,9.049436215532414e-09,3.153401870225389e-07,0,0
2013-01-11 12:34:00,9.963888457576545e-09,2.8390608691098377e-07,0,0
2013-01-11 12:35:00,9.535146572066699e-09,3.382531096095113e-07,0,0
2013-01-11 12:36:00,1.0057241997171394e-08,3.0091633483882426e-07,0,0
2013-01-11 12:37:00,9.950130565791671e-09,2.997000647743516e-07,0,0
2013-01-11 12:38:00,9.555756948852938e-09,2.819697953261997e-07,0,0
2013-01-11 12:39:00,1.0218887827322025e-08,3.0764776584230473e-07,0,0
2013-01-11 12:40:00,1.065223704407113e-08,2.838760651097022e-07,0,0
2013-01-11 12:41:00,9.740092917599538e-09,2.9548340130465064e-07,0,0
2013-01-11 12:42:00,1.0183611861431136e-08,3.2972647114927287e-07,0,0
2013-01-11 12:43:00,9.089926992644206e-09,2.927507618309383e-07,0,0
2013-01-11 12:44:00,9.444599566016859e-09,3.075539501551628e-07,0,0
2013-01-11 12:45:00,1.026939999667876e-08,2.783489995801995e-07,0,0
2013-01-11 12:46:00,1.055140805653849e-08,2.947302079841604e-07,0,0
2013-01-11 12:47:00,1.0020286692672623e-08,3.2208764643035974e-07,0,0
2013-01-11 12:48:00,9.646217023635313e-09,2.8854467967052605e-07,0,0
2013-01-11 12:49:00,9.713839083146604e-09,3.192570920372069e-07,0,0
2013-01-11 12:50:00,9.006400292295231e-09,3.06048712131854e-07,0,0
2013-01-11 12:51:00,1.0006475128665237e-08,2.879307150345137e-07,0,0
2013-01-11 12:52:00,1.0074366394887594e-08,3.0482561866023317e-07,0,0
2013-01-11 12:53:00,9.720593298759614e-09,3.035300916991865e-07,0,0
2013-01-11 12:54:00,9.52595688515013e-09,3.0292535094327293e-07,0,0
2013-01-11 12:55:00,9.856055503596677e-09,2.7251275514647104e-07,0,0
2013-01-11 12:56:00,9.63399264107334e-09,2.822601686578607e-07,0,0
2013-01-11 12:57:00,9.607197193144265e-09,2.785162988387043e-07,0,0
2013-01-11 12:58:00,1.074963339181945e-08,2.9213628292325684e-07,0,0
2013-01-11 12:59:00,9.630321895937947e-09,3.1256922904575773e-07,0,0
2013-01-11 13:00:00,9.668836057696094e-09,2.9297420280453133e-07,0,0
2013-01-11 13:01:00,9.474720204136388e-09,2.69538112737681e-07,0,0
2013-01-11 13:02:00,1.0124197636286291e-08,2.9938340722760415e-07,0,0
2013-01-11 13:03:00,9.646353301653945e-09,3.023956092908244e-07,0,0
2013-01-11 13:04:00,9.45150864454227e-09,3.059048334702641e-07,0,0
2013-01-11 13:05:00,1.0401748268001208e-08,3.0143506164630986e-07,0,0
2013-01-11 13:06:00,1.032524205538662e-08,3.074754916573792e-07,0,0
2013-01-11 13:07:00,9.426968172260568e-09,3.0100268279640875e-07,0,0
2013-01-11 13:08:00,8.73318634658777e-09,2.894299085443694e-07,0,0
2013-01-11 13:09:00,1.02105047558657e-08,2.6953517943599597e-07,0,0
2013-01-11 13:10:00,9.322619754540636e-09,3.02374221527151e-07,0,0
2013-01-11 13:11:00,1.0337635723251386e-08,2.9818250773091487e-07,0,0
2013-01-11 13:12:00,8.775823140091969e-09,2.889196893223751e-07,0,0
2013-01-11 13:13:00,9.986139969383037e-09,2.766698879108112e-07,0,0
2013-01-11 13:14:00,9.09816060789564e-09,2.748080480220834e-07,0,0
2013-01-11 13:15:00,1.0088307055208035e-08,3.0634825363811614e-07,0,0
2013-01-11 13:16:00,9.846392090914214e-09,2.8995719704911984e-07,0,0
2013-01-11 13:17:00,9.158772458434384e-09,2.99343114374597e-07,0,0
2013-01-11 13:18:00,9.310980114243832e-09,2.9628672437440475e-07,0,0
2013-01-11 13:19:00,1.0078726090479814e-08,2.8980701089363927e-07,0,0
2013-01-11 13:20:00,9.568901376991431e-09,2.9798681234986094e-07,0,0
2013-01-11 13:21:00,9.894176851003957e-09,2.8020508016451263e-07,0,0
2013-01-11 13:22:00,1.0623839579259056e-08,2.9171328682372145e-07,0,0
2013-01-11 13:23:00,8.910977700054968e-09,2.8883887323493864e-07,0,0
2013-01-11 13:24:00,1.0520098114750686e-08,2.8598154214430853e-07,0,0
2013-01-11 13:25:00,9.617331031327397e-09,2.8037188333986283e-07,0,0
2013-01-11 13:26:00,9.180614664704322e-09,3.0458974737324426e-07,0,0
2013-01-11 13:27:00,9.006218505371656e-09,2.833076005931019e-07,0,0
2013-01-11 13:28:00,9.547515159510372e-09,3.137782438513759e-07,0,0
2013-01-11 13:29:00,1.0082508498642033e-08,2.751903721889482e-07,0,0
2013-01-11 13:30:00,9.597524751121754e-09,2.8843563666252594e-07,0,0
2013-01-11 13:31:00,1.0449732315156616e-08,2.8625780029544343e-07,0,0
2013-01-11 13:32:00,8.973883199063908e-09,3.1592558849962755e-07,0,0
2013-01-11 13:33:00,9.642548170061323e-09,2.9622184176427555e-07,0,0
2013-01-11 13:34:00,8.85811394792352e-09,3.075775703600661e-07,0,0
2013-01-11 13:35:00,9.776063188032784e-09,2.6566819797692026e-07,0,0
2013-01-11 13:36:00,1.0073832973239745e-08,2.887390817709201e-07,0,0
2013-01-11 13:37:00,9.460331970578557e-09,3.0235591640282724e-07,0,0
2013-01-11 13:38:00,8.343825486984388e-09,2.933424052017771e-07,0,0
2013-01-11 13:39:00,9.608944956109958e-09,3.019836166391666e-07,0,0
2013-01-11 13:40:00,9.72911061619586e-09,2.852453509246182e-07,0,0
2013-01-11 13:41:00,9.820270118030203e-09,3.153621449996691e-07,0,0
2013-01-11 13:42:00,1.0280425363945588e-08,3.173976483107265e-07,0,0
2013-01-11 13:43:00,9.023893274030322e-09,2.775566725186436e-07,0,0
2013-01-11 13:44:00,9.980895215664256e-09,2.7976218919757653e-07,0,0
2013-01-11 13:45:00,1.0154893952020997e-08,3.0980937539142033e-07,0,0
2013-01-11 13:46:00,8.726392892254053e-09,3.0747278615318626e-07,0,0
2013-01-11 13:47:00,9.680347672500784e-09,2.857998212772611e-07,0,0
2013-01-11 13:48:00,9.380853323988346e-09,2.824810480872755e-07,0,0
2013-01-11 13:49:00,9.533643871336435e-09,2.8239000050326116e-07,0,0
2013-01-11 13:50:00,9.930824806873175e-09,2.603021424419119e-07,0,0
2013-01-11 13:51:00,9.217523327066409e-09,2.665476278615288e-07,0,0
2013-01-11 13:52:00,9.263572399912682e-09,2.732568063188569e-07,0,0
2013-01-11 13:53:00,9.487814832554083e-09,2.643093319780959e-07,0,0
2013-01-11 13:54:00,8.929945339148689e-09,2.901868950481381e-07,0,0
2013-01-11 13:55:00,9.012802797701461e-09,2.8807613455979103e-07,0,0
2013-01-11 13:56:00,9.855404196148021e-09,3.246097304209473e-07,0,0
2013-01-11 13:57:00,9.270170487146566e-09,2.829238694295972e-07,0,0
2013-01-11 13:58:00,9.808963345470423e-09,2.9863936516857634e-07,0,0
2013-01-11 13:59:00,9.610887122140286e-09,2.8148201773663656e-07,0,0
2013-01-11 14:00:00,8.73989377726766e-09,2.892079586207155e-07,0,0
2013-01-11 14:01:00,8.970307336651892e-09,3.0311070365912433e-07,0,0
2013-01-11 14:02:00,1.00649453318142e-08,2.6097568391041934e-07,0,0
2013-01-11 14:03:00,9.033953685932161e-09,2.8115743552157464e-07,0,0
2013-01-11 14:04:00,9.344574855350242e-09,2.8375044718010034e-07,0,0
2013-01-11 14:05:00,9.797944169461084e-09,2.943736888148505e-07,0,0
2013-01-11 14:06:00,9.803467203616497e-09,2.908836478111199e-07,0,0
2013-01-11 14:07:00,9.338164623854847e-09,3.266120320036709e-07,0,0
2013-01-11 14:08:00,9.112614931295866e-09,2.691243591182055e-07,0,0
2013-01-11 14:09:00,1.0048996027338311e-08,2.6490657202097276e-07,0,0
2013-01-11 14:10:00,1.0350880772737172e-08,2.793994054893566e-07,0,0
2013-01-11 14:11:00,9.803858182572879e-09,2.717935480131677e-07,0,0
2013-01-11 14:12:00,9.452146044420856e-09,2.646079267089842e-07,0,0
2013-01-11 14:13:00,8.9757547499018e-09,3.015762395916892e-07,0,0
2013-01-11 14:14:00,9.116690151498128e-09,3.082019539364034e-07,0,0
2013-01-11 14:15:00,9.872355833898254e-09,2.746885335807601e-07,0,0
2013-01-11 14:16:00,9.50803409723705e-09,2.6932784994850773e-07,0,0
2013-01-11 14:17:00,9.934674258035063e-09,2.8900565295220476e-07,0,0
2013-01-11 14:18:00,9.730739760816412e-09,2.733851061714521e-07,0,0
2013-01-11 14:19:00,8.746863176279274e-09,2.851896471617603e-07,0,0
2013-01-11 14:20:00,9.955115964315037e-09,2.8203848932833424e-07,0,0
2013-01-11 14:21:00,8.917507544203727e-09,2.646005559849278e-07,0,0
2013-01-11 14:22:00,9.218035507896893e-09,3.06851148685387e-07,0,0
2013-01-11 14:23:00,9.56888395744212e-09,3.097811254720786e-07,0,0
2013-01-11 14:24:00,1.0501556344086481e-08,2.688087410279292e-07,0,0
2013-01-11 14:25:00,1.0793608342786183e-08,2.758720647275449e-07,0,0
2013-01-11 14:26:00,9.655798239326366e-09,2.7526769875626677e-07,0,0
2013-01-11 14:27:00,9.335246565728445e-09,2.8763479025790126e-07,0,0
2013-01-11 14:28:00,9.558786145557443e-09,2.984629484395588e-07,0,0
2013-01-11 14:29:00,9.99198704309167e-09,3.0420147603955463e-07,0,0
2013-01-11 14:30:00,9.176267452392943e-09,2.762637124414768e-07,0,0
2013-01-11 14:31:00,1.0263000027351393e-08,2.721989128544103e-07,0,0
2013-01-11 14:32:00,9.54641165446862e-09,2.6897448207747907e-07,0,0
2013-01-11 14:33:00,9.556042034987316e-09,2.6902649067263553e-07,0,0
2013-01-11 14:34:00,9.508177123899672e-09,2.773356713903978e-07,0,0
2013-01-11 14:35:00,9.528796682521462e-09,2.9771004089999e-07,0,0
2013-01-11 14:36:00,9.872906022670749e-09,2.7439508469652645e-07,0,0
2013-01-11 14:37:00,9.046926649717293e-09,2.943289039304995e-07,0,0
2013-01-11 14:38:00,9.019502845016608e-09,2.8201235649163295e-07,0,0
2013-01-11 14:39:00,8.950193497951563e-09,2.978320157004325e-07,0,0
2013-01-11 14:40:00,9.52994904223008e-09,3.200628713974473e-07,0,0
2013-01-11 14:41:00,9.67223351028487e-09,2.7315078892043855e-07,0,0
2013-01-11 14:42:00,9.579908804992903e-09,2.696105440031792e-07,0,0
2013-01-11 14:43:00,1.0238401481423505e-08,2.994985061210428e-07,0,0
2013-01-11 14:44:00,9.577478204392713e-09,2.9110644096944617e-07,0,0
2013-01-11 14:45:00,9.738898618146948e-09,3.0734775233498576e-07,0,0
2013-01-11 14:46:00,8.95544052452062e-09,2.834815928882978e-07,0,0
2013-01-11 14:47:00,9.102631386499328e-09,2.8149643950936525e-07,0,0
2013-01-11 14:48:00,9.556420410620833e-09,2.9157811048078066e-07,0,0
2013-01-11 14:49:00,9.736319115354045e-09,2.929515891087119e-07,0,0
2013-01-11 14:50:00,9.19711748588448e-09,2.9639371766945954e-07,0,0
2013-01-11 14:51:00,9.17806374963401e-09,2.842704698088584e-07,0,0
2013-01-11 14:52:00,8.61763243426493e-09,2.9088116885189843e-07,0,0
2013-01-11 14:53:00,9.18800621239723e-09,2.924080406211712e-07,0,0
2013-01-11 14:54:00,9.769544285780166e-09,2.9041886170827574e-07,0,0
2013-01-11 14:55:00,9.628502154084481e-09,2.9075790854734557e-07,0,0
2013-01-11 14:56:00,9.568320288775777e-09,2.6762354100705366e-07,0,0
2013-01-11 14:57:00,9.272737251516744e-09,2.749199363981665e-07,0,0
2013-01-11 14:58:00,9.249045101182564e-09,2.8588010931951394e-07,0,0
2013-01-11 14:59:00,8.872314128118834e-09,2.6723171313531474e-07,0,0
2013-01-11 15:00:00,9.799821568137638e-09,2.831630283370002e-07,0,0
2013-01-11 15:01:00,9.486808536631723e-09,2.7157693760711595e-07,0,0
2013-01-11 15:02:00,9.493598401991232e-09,2.7373279202709644e-07,0,0
2013-01-11 15:03:00,8.94796620973311e-09,2.909732309633345e-07,0,0
2013-01-11 15:04:00,8.625208487202202e-09,2.833571032535989e-07,0,0
2013-01-11 15:05:00,9.691469359608658e-09,2.761663257790465e-07,0,0
2013-01-11 15:06:00,9.010482399076995e-09,2.6147822051606407e-07,0,0
2013-01-11 15:07:00,8.919948002011076e-09,2.8423856709469754e-07,0,0
2013-01-11 15:08:00,9.653743783569324e-09,2.8802714418503745e-07,0,0
2013-01-11 15:09:00,9.179793955165134e-09,3.161765559171251e-07,0,0
2013-01-11 15:10:00,9.945656505992616e-09,2.7651396034341855e-07,0,0
2013-01-11 15:11:00,9.598604212359231e-09,2.7873580438473993e-07,0,0
2013-01-11 15:12:00,9.471194333442042e-09,2.8241997026967635e-07,0,0
2013-01-11 15:13:00,8.615605107511206e-09,2.9913837268897553e-07,0,0
2013-01-11 15:14:00,9.85780018163482e-09,2.7619675574459943e-07,0,0
2013-01-11 15:15:00,9.574729142972952e-09,2.7965896740300495e-07,0,0
2013-01-11 15:16:00,8.934586422635785e-09,2.8504046965179484e-07,0,0
2013-01-11 15:17:00,9.427368579337522e-09,2.808778362287129e-07,0,0
2013-01-11 15:18:00,8.47073298621808e-09,2.6604932447556687e-07,0,0
2013-01-11 15:19:00,9.5093888577381e-09,2.7467141745419597e-07,0,0
2013-01-11 15:20:00,8.758820489709016e-09,2.852964728259132e-07,0,0
2013-01-11 15:21:00,8.541558060263507e-09,2.5502730369036604e-07,0,0
2013-01-11 15:22:00,8.625441187136906e-09,2.725580095947887e-07,0,0
2013-01-11 15:23:00,9.816988897330267e-09,2.679933836499015e-07,0,0
2013-01-11 15:24:00,9.03269138111355e-09,2.892021564955774e-07,0,0
2013-01-11 15:25:00,9.951767538529417e-09,2.588390806021655e-07,0,0
2013-01-11 15:26:00,8.912054704201712e-09,2.690237003105432e-07,0,0
2013-01-11 15:27:00,8.303212721712813e-09,2.718081770836067e-07,0,0
2013-01-11 15:28:00,8.79211209006773e-09,3.0208001947468614e-07,0,0
2013-01-11 15:29:00,9.836865573437158e-09,2.7937505243908415e-07,0,0
2013-01-11 15:30:00,9.03688219188765e-09,2.636182435393213e-07,0,0
2013-01-11 15:31:00,8.899586670489876e-09,3.053965454067114e-07,0,0
2013-01-11 15:32:00,9.226892031999382e-09,2.5243185390590914e-07,0,0
2013-01-11 15:33:00,9.2824234580888e-09,2.4767422946527274e-07,0,0
2013-01-11 15:34:00,9.641008631252415e-09,2.756471541069359e-07,0,0
2013-01-11 15:35:00,9.768921018107168e-09,2.5995486029242997e-07,0,0
2013-01-11 15:36:00,8.98424660974079e-09,2.600421546694336e-07,0,0
2013-01-11 15:37:00,8.523548461828516e-09,2.84920616923631e-07,0,0
2013-01-11 15:38:00,8.833616709296898e-09,2.7691792552677224e-07,0,0
2013-01-11 15:39:00,9.504249547760661e-09,2.6187111806482495e-07,0,0
2013-01-11 15:40:00,8.872631212530224e-09,2.5630110081470996e-07,0,0
2013-01-11 15:41:00,8.669995601987099e-09,2.8892362738175764e-07,0,0
2013-01-11 15:42:00,9.360564617327821e-09,2.8409801995212175e-07,0,0
2013-01-11 15:43:00,9.19126650442643e-09,2.7470558127510583e-07,0,0
2013-01-11 15:44:00,9.303522500901878e-09,2.983386062188831e-07,0,0
2013-01-11 15:45:00,8.743937023793736e-09,2.6653944424643095e-07,0,0
2013-01-11 15:46:00,9.168775110077818e-09,2.488639185486874e-07,0,0
2013-01-11 15:47:00,8.693588528401989e-09,2.6795565098342476e-07,0,0
2013-01-11 15:48:00,9.443091088676223e-09,2.800768525164784e-07,0,0
2013-01-11 15:49:00,9.716313867479409e-09,2.804897290329968e-07,0,0
2013-01-11 15:50:00,8.476874002327243e-09,2.7034641009597967e-07,0,0
2013-01-11 15:51:00,8.995882910461175e-09,2.7681682055567915e-07,0,0
2013-01-11 15:52:00,8.370748688630305e-09,2.6304147400858103e-07,0,0
2013-01-11 15:53:00,8.925477299733748e-09,2.8787327341814545e-07,0,0
2013-01-11 15:54:00,9.066795757686779e-09,2.684002354371205e-07,0,0
2013-01-11 15:55:00,8.582626106143134e-09,2.8808016060654666e-07,0,0
2013-01-11 15:56:00,8.582505704703062e-09,2.85168520121704e-07,0,0
2013-01-11 15:57:00,8.565396751309749e-09,2.8240576970315885e-07,0,0
2013-01-11 15:58:00,9.154494069963536e-09,2.7718793077719526e-07,0,0
2013-01-11 15:59:00,9.174326611041068e-09,2.786932631285269e-07,0,0
2013-01-11 16:00:00,8.74472603819165e-09,2.7985158849529087e-07,0,0
2013-01-11 16:01:00,9.277344153186505e-09,2.8918378705487797e-07,0,0
2013-01-11 16:02:00,8.984769714326439e-09,2.814448903211916e-07,0,0
2013-01-11 16:03:00,9.06291941080992e-09,2.76803435457751e-07,0,0
2013-01-11 16:04:00,1.0082120435122601e-08,2.8053754456840255e-07,0,0
2013-01-11 16:05:00,9.795781430687178e-09,2.9822884928146603e-07,0,0
2013-01-11 16:06:00,8.424346824271363e-09,2.699498607632875e-07,0,0
2013-01-11 16:07:00,9.640282558707572e-09,2.9699078966883216e-07,0,0
2013-01-11 16:08:00,9.432588393376285e-09,2.721720940043169e-07,0,0
2013-01-11 16:09:00,8.696183740376925e-09,2.473675504964225e-07,0,0
2013-01-11 16:10:00,9.649769253611253e-09,2.7248221522823123e-07,0,0
2013-01-11 16:11:00,9.883444487239369e-09,2.666078977358967e-07,0,0
2013-01-11 16:12:00,8.460936749779986e-09,2.9143931255315276e-07,0,0
2013-01-11 16:13:00,8.605587404009459e-09,2.5886509831743877e-07,0,0
2013-01-11 16:14:00,9.711240739724268e-09,2.652595697228859e-07,0,0
2013-01-11 16:15:00,9.209308879865018e-09,2.4768195534283876e-07,0,0
2013-01-11 16:16:00,9.362280633280856e-09,2.5991379836490896e-07,0,0
2013-01-11 16:17:00,9.330162231443228e-09,2.4474444877474625e-07,0,0
2013-01-11 16:18:00,9.345212516397575e-09,2.4848679848362204e-07,0,0
2013-01-11 16:19:00,8.538564021940924e-09,2.824243841365831e-07,0,0
2013-01-11 16:20:00,9.56039430740773e-09,2.8144405169508703e-07,0,0
2013-01-11 16:21:00,9.606815079358201e-09,2.7463542667897124e-07,0,0
2013-01-11 16:22:00,9.070948969405469e-09,2.597596397556523e-07,0,0
2013-01-11 16:23:00,9.122642419302399e-09,2.708829303328458e-07,0,0
2013-01-11 16:24:00,8.389947187739541e-09,2.7064897128672974e-07,0,0
2013-01-11 16:25:00,9.428290992995397e-09,2.5352775653656057e-07,0,0
2013-01-11 16:26:00,9.332363320803143e-09,2.953198190264897e-07,0,0
2013-01-11 16:27:00,8.966674343783651e-09,2.928847289133062e-07,0,0
2013-01-11 16:28:00,9.527412467251619e-09,2.70056880661038e-07,0,0
2013-01-11 16:29:00,8.828413670420037e-09,2.776461917943844e-07,0,0
2013-01-11 16:30:00,9.307574541286753e-09,2.681495987316866e-07,0,0
2013-01-11 16:31:00,8.745705185079228e-09,2.465719280996361e-07,0,0
2013-01-11 16:32:00,8.980507424568736e-09,2.6332118771941724e-07,0,0
2013-01-11 16:33:00,9.010199812304775e-09,2.555956781225282e-07,0,0
2013-01-11 16:34:00,9.105550736859075e-09,2.550683901541541e-07,0,0
2013-01-11 16:35:00,8.874886865785706e-09,2.741702608935062e-07,0,0
2013-01-11 16:36:00,8.854940658758464e-09,3.0228756745427394e-07,0,0
2013-01-11 16:37:00,9.423938862914108e-09,2.819827590621637e-07,0,0
2013-01-11 16:38:00,8.8471432561373e-09,2.565502194847429e-07,0,0
2013-01-11 16:39:00,8.415418502196073e-09,2.787360566738335e-07,0,0
2013-01-11 16:40:00,9.90979759904233e-09,2.9298349090047117e-07,0,0
2013-01-11 16:41:00,9.585724149298985e-09,2.85469410725824e-07,0,0
2013-01-11 16:42:00,8.598113232789612e-09,2.6328275112560227e-07,0,0
2013-01-11 16:43:00,9.393651835890976e-09,2.5854945138402135e-07,0,0
2013-01-11 16:44:00,8.848489187506146e-09,2.809339505618947e-07,0,0
2013-01-11 16:45:00,9.171221074887049e-09,2.7964000113766883e-07,0,0
2013-01-11 16:46:00,9.133068213904337e-09,2.729700422885302e-07,0,0
2013-01-11 16:47:00,8.965686538534925e-09,2.7943005926925707e-07,0,0
2013-01-11 16:48:00,8.747844289044549e-09,2.867802661416376e-07,0,0
2013-01-11 16:49:00,8.564962128748466e-09,2.684815147961899e-07,0,0
2013-01-11 16:50:00,8.586473592482148e-09,2.93301588918302e-07,0,0
2013-01-11 16:51:00,8.65014262923116e-09,2.769290658339014e-07,0,0
2013-01-11 16:52:00,9.038096597173518e-09,2.9694591381662496e-07,0,0
2013-01-11 16:53:00,8.843021781806054e-09,2.525186519401611e-07,0,0
2013-01-11 16:54:00,9.276752785796311e-09,2.938364102084562e-07,0,0
2013-01-11 16:55:00,9.687088290617285e-09,2.7887768512403626e-07,0,0
2013-01-11 16:56:00,8.728281970417978e-09,2.6941518466508136e-07,0,0
2013-01-11 16:57:00,9.065381019798217e-09,2.6817371900659123e-07,0,0
2013-01-11 16:58:00,9.229420743469664e-09,2.689059973152868e-07,0,0
2013-01-11 16:59:00,9.327233598415223e-09,2.787398526658847e-07,0,0
2013-01-11 17:00:00,8.962266240457344e-09,2.753955445883601e-07,0,0
2013-01-11 17:01:00,9.416658861267871e-09,2.62652599338034e-07,0,0
2013-01-11 17:02:00,9.08129896462934e-09,2.7894805919059093e-07,0,0
2013-01-11 17:03:00,8.43201028528431e-09,2.9681566713791945e-07,0,0
2013-01-11 17:04:00,9.397038352034124e-09,3.033797102909502e-07,0,0
2013-01-11 17:05:00,9.604946862449139e-09,2.7520114474476213e-07,0,0
2013-01-11 17:06:00,8.661413680939504e-09,2.779494865700191e-07,0,0
2013-01-11 17:07:00,8.82292479756318e-09,2.6537325105127926e-07,0,0
2013-01-11 17:08:00,9.138722640238179e-09,2.821116646709462e-07,0,0
2013-01-11 17:09:00,8.933427143306183e-09,2.5353892671396407e-07,0,0
2013-01-11 17:10:00,9.581706098552336e-09,2.6015349033716005e-07,0,0
2013-01-11 17:11:00,1.0191588026512906e-08,2.5009106491338033e-07,0,0
2013-01-11 17:12:00,8.690312445782964e-09,2.81140045707787e-07,0,0
2013-01-11 17:13:00,8.534692944676652e-09,2.752850362319977e-07,0,0
2013-01-11 17:14:00,9.103555797414828e-09,2.566297875303965e-07,0,0
2013-01-11 17:15:00,9.439413471770882e-09,2.9225202965670956e-07,0,0
2013-01-11 17:16:00,8.751080182478757e-09,2.5401351976473167e-07,0,0
2013-01-11 17:17:00,9.606065028995563e-09,2.541520245167737e-07,0,0
2013-01-11 17:18:00,8.251768564778134e-09,2.782859076660152e-07,0,0
2013-01-11 17:19:00,9.305739916301864e-09,2.847022800944262e-07,0,0
2013-01-11 17:20:00,8.741037055566146e-09,3.034730858746641e-07,0,0
2013-01-11 17:21:00,9.834525444357517e-09,2.6540472512361733e-07,0,0
2013-01-11 17:22:00,9.963585397487408e-09,2.8364778998293965e-07,0,0
2013-01-11 17:23:00,8.580807951357385e-09,2.6179708396466664e-07,0,0
2013-01-11 17:24:00,8.748542938164409e-09,2.6671785663363676e-07,0,0
2013-01-11 17:25:00,9.257154386992412e-09,2.8086490640511463e-07,0,0
2013-01-11 17:26:00,8.974107948447614e-09,2.8407914471603677e-07,0,0
2013-01-11 17:27:00,8.959101132499237e-09,2.521226433869974e-07,0,0
2013-01-11 17:28:00,8.971849914633847e-09,2.850909088541377e-07,0,0
2013-01-11 17:29:00,8.343116815203723e-09,2.9043034333141484e-07,0,0
2013-01-11 17:30:00,8.877689476267677e-09,2.652800802172447e-07,0,0
2013-01-11 17:31:00,8.58969504939005e-09,2.8326922116917e-07,0,0
2013-01-11 17:32:00,8.678083976317121e-09,2.8140739112273903e-07,0,0
2013-01-11 17:33:00,9.673919975339174e-09,2.775457844328503e-07,0,0
2013-01-11 17:34:00,8.50083220297628e-09,2.6314978596157127e-07,0,0
2013-01-11 17:35:00,9.45328429994386e-09,2.631876596450609e-07,0,0
2013-01-11 17:36:00,9.137614825791823e-09,2.760570227404454e-07,0,0
2013-01-11 17:37:00,8.654691063454551e-09,2.797913307234949e-07,0,0
2013-01-11 17:38:00,9.428136982581923e-09,2.75824645689552e-07,0,0
2013-01-11 17:39:00,9.10259169533935e-09,2.612949750158975e-07,0,0
2013-01-11 17:40:00,9.205464902172824e-09,2.8262737191689377e-07,0,0
2013-01-11 17:41:00,9.387754315258388e-09,2.4039137280710604e-07,0,0
2013-01-11 17:42:00,8.76405093241664e-09,2.8306758688430535e-07,0,0
2013-01-11 17:43:00,8.899560403239139e-09,2.3562403132567909e-07,0,0
2013-01-11 17:44:00,8.611022129608937e-09,2.631553008647026e-07,0,0
2013-01-11 17:45:00,8.640301989341803e-09,2.599220406830148e-07,0,0
2013-01-11 17:46:00,1.056696778363138e-08,2.5581070148769326e-07,0,0
2013-01-11 17:47:00,9.428170937103701e-09,2.8832127639031543e-07,0,0
2013-01-11 17:48:00,8.280154501609106e-09,2.623946715229295e-07,0,0
2013-01-11 17:49:00,8.207282906926752e-09,2.683539709887652e-07,0,0
2013-01-11 17:50:00,9.150366975425664e-09,2.719681943884121e-07,0,0
2013-01-11 17:51:00,9.266506050413834e-09,2.7236599252576147e-07,0,0
2013-01-11 17:52:00,9.261219081856307e-09,2.8197466173596337e-07,0,0
2013-01-11 17:53:00,8.9012998890488e-09,2.560864741856567e-07,0,0
2013-01-11 17:54:00,8.80287767740332e-09,2.80895261988695e-07,0,0
2013-01-11 17:55:00,9.229252349779943e-09,2.603640072710132e-07,0,0
2013-01-11 17:56:00,9.06279884068709e-09,2.4932115407707287e-07,0,0
2013-01-11 17:57:00,8.128079118530613e-09,2.6308577165224954e-07,0,0
2013-01-11 17:58:00,8.7079204925692e-09,2.966244275272888e-07,0,0
2013-01-11 17:59:00,8.656057306914166e-09,2.826575582219241e-07,0,0
2013-01-11 18:00:00,9.955257066565324e-08,5.636498183644546e-07,0,0
2013-01-11 18:01:00,1.928392934991728e-07,8.828796412758677e-07,0,0
2013-01-11 18:02:00,3.7658969000291025e-07,1.490505606824857e-06,0,0
2013-01-11 18:03:00,7.486601449183516e-07,2.7693617121307435e-06,0,0
2013-01-11 18:04:00,1.4990955011656367e-06,5.238024158084826e-06,0,0
2013-01-11 18:05:00,3.009220802040714e-06,1.0277693666061962e-05,0,0
2013-01-11 18:06:00,2.7235505859774204e-06,9.334216757097003e-06,0,0
2013-01-11 18:07:00,2.4655851441044265e-06,8.451119640197017e-06,0,0
2013-01-11 18:08:00,2.232409641107795e-06,7.684805673788008e-06,0,0
2013-01-11 18:09:00,2.0195780698752053e-06,6.977042844876516e-06,0,0
2013-01-11 18:10:00,1.8287561319214185e-06,6.332388655695027e-06,0,0
2013-01-11 18:11:00,1.654976442608991e-06,5.752142379848233e-06,0,0
2013-01-11 18:12:00,1.498934570305185e-06,5.2476429182369215e-06,0,0
2013-01-11 18:13:00,1.3566721727341335e-06,4.764479502263958e-06,0,0
2013-01-11 18:14:00,1.228454197561441e-06,4.347613489385478e-06,0,0
2013-01-11 18:15:00,1.1125732965356986e-06,3.948735447104166e-06,0,0
2013-01-11 18:16:00,1.008027819147126e-06,3.6023862209554235e-06,0,0
2013-01-11 18:17:00,9.128111237993169e-07,3.263588223297168e-06,0,0
2013-01-11 18:18:00,8.259980230249272e-07,3.0109218249977542e-06,0,0
2013-01-11 18:19:00,7.487014615334761e-07,2.7355531371611813e-06,0,0
2013-01-11 18:20:00,6.78084116374324e-07,2.522058714469109e-06,0,0
2013-01-11 18:21:00,6.140258674929952e-07,2.2608849629942114e-06,0,0
2013-01-11 18:22:00,5.570509163416391e-07,2.1424772892009106e-06,0,0
2013-01-11 18:23:00,5.047550948100698e-07,1.9156535559151665e-06,0,0
2013-01-11 18:24:00,4.5885572017553975e-07,1.7824682844807778e-06,0,0
2013-01-11 18:25:00,4.152748471880409e-07,1.5994421614552788e-06,0,0
2013-01-11 18:26:00,3.758729761322968e-07,1.5059412693652848e-06,0,0
2013-01-11 18:27:00,3.411639993047092e-07,1.3616461656610705e-06,0,0
2013-01-11 18:28:00,3.1017925343924834e-07,1.2741435654899393e-06,0,0
2013-01-11 18:29:00,2.8197643589933223e-07,1.2007008577415797e-06,0,0
2013-01-11 18:30:00,2.5450857655543253e-07,1.08010953124658e-06,0,0
2013-01-11 18:31:00,2.3096032254306157e-07,1.0136217875195061e-06,0,0
2013-01-11 18:32:00,2.1152102404455612e-07,9.445026616541417e-07,0,0
2013-01-11 18:33:00,1.9158377017497884e-07,8.889647569801276e-07,0,0
2013-01-11 18:34:00,1.737670829888112e-07,8.122923697143903e-07,0,0
2013-01-11 18:35:00,1.5855622212414593e-07,7.733566442860515e-07,0,0
2013-01-11 18:36:00,1.4304190955439435e-07,7.450137203502471e-07,0,0
2013-01-11 18:37:00,1.3142008579510153e-07,6.756492583167253e-07,0,0
2013-01-11 18:38:00,1.1984693544664545e-07,6.502098129322917e-07,0,0
2013-01-11 18:39:00,1.095552228944533e-07,6.205739789618589e-07,0,0
2013-01-11 18:40:00,9.910208174214512e-08,5.835017079561088e-07,0,0
2013-01-11 18:41:00,9.096312711842513e-08,5.601187083689749e-07,0,0
2013-01-11 18:42:00,8.269515003975477e-08,5.26625411153041e-07,0,0
2013-01-11 18:43:00,7.619229864547724e-08,4.815883531806445e-07,0,0
2013-01-11 18:44:00,6.942547624295644e-08,4.891811001466736e-07,0,0
2013-01-11 18:45:00,6.376242768669109e-08,4.4164206513732e-07,0,0
2013-01-11 18:46:00,5.816565840972819e-08,4.269537895881067e-07,0,0
2013-01-11 18:47:00,5.448375344460033e-08,4.07438883283951e-07,0,0
2013-01-11 18:48:00,5.0155946077944903e-08,4.030546495409856e-07,0,0
2013-01-11 18:49:00,4.5609589870425384e-08,4.01131719395668e-07,0,0
2013-01-11 18:50:00,4.232452639836351e-08,3.863219046520243e-07,0,0
2013-01-11 18:51:00,3.8561421339795706e-08,3.700258450241733e-07,0,0
2013-01-11 18:52:00,3.63484563782997e-08,3.7957470671725583e-07,0,0
2013-01-11 18:53:00,3.358321132240515e-08,3.603248125088706e-07,0,0
2013-01-11 18:54:00,3.27298904615661e-08,3.416372210205004e-07,0,0
2013-01-11 18:55:00,2.8894947806946992e-08,3.4874595138365084e-07,0,0
2013-01-11 18:56:00,2.7943834694116245e-08,3.460807147314645e-07,0,0
2013-01-11 18:57:00,2.601513549512027e-08,3.1346437347437666e-07,0,0
2013-01-11 18:58:00,2.4031511828964718e-08,3.265254620719042e-07,0,0
2013-01-11 18:59:00,2.3393561335342392e-08,3.254104669727388e-07,0,0
2013-01-11 19:00:00,2.146130159425244e-08,3.187637688559672e-07,0,0
2013-01-11 19:01:00,2.0373230982340575e-08,3.202469399239462e-07,0,0
2013-01-11 19:02:00,1.9160243907660315e-08,2.9329292770663605e-07,0,0
2013-01-11 19:03:00,1.8616571683211613e-08,3.0705612342083796e-07,0,0
2013-01-11 19:04:00,1.7570726445585064e-08,2.9285558827283897e-07,0,0
2013-01-11 19:05:00,1.619660267292387e-08,2.946355136931149e-07,0,0
2013-01-11 19:06:00,1.522293273098363e-08,2.753191908083734e-07,0,0
2013-01-11 19:07:00,1.5065352481112453e-08,2.7145058247023617e-07,0,0
2013-01-11 19:08:00,1.4166300523020791e-08,3.2021579630217545e-07,0,0
2013-01-11 19:09:00,1.4014479382578469e-08,2.8075428467434236e-07,0,0
2013-01-11 19:10:00,1.4286655436524648e-08,2.776394575773693e-07,0,0
2013-01-11 19:11:00,1.2963400292816656e-08,2.5027327457426017e-07,0,0
2013-01-11 19:12:00,1.2686070660742205e-08,2.695173722364553e-07,0,0
2013-01-11 19:13:00,1.2369004675915983e-08,2.5110198030736936e-07,0,0
2013-01-11 19:14:00,1.2451458990968548e-08,3.008528389710202e-07,0,0
2013-01-11 19:15:00,1.0991388745345213e-08,2.9959514220150344e-07,0,0
2013-01-11 19:16:00,1.1242035234519218e-08,2.7331616624168436e-07,0,0
2013-01-11 19:17:00,1.139103918719578e-08,3.1046091413763536e-07,0,0
2013-01-11 19:18:00,1.1597107955432009e-08,2.9207285972082264e-07,0,0
2013-01-11 19:19:00,1.0783559686732464e-08,2.7008980873406554e-07,0,0
2013-01-11 19:20:00,1.0105200704576626e-08,2.4646456589798154e-07,0,0
2013-01-11 19:21:00,9.393313525477147e-09,3.0871856201168953e-07,0,0
2013-01-11 19:22:00,8.789406558659999e-09,2.4560519961279354e-07,0,0
2013-01-11 19:23:00,8.546241065708419e-09,2.520014727008301e-07,0,0
2013-01-11 19:24:00,8.55056372029994e-09,2.9096310854546175e-07,0,0
2013-01-11 19:25:00,9.060502574515508e-09,3.0530232260488626e-07,0,0
2013-01-11 19:26:00,8.814127457696704e-09,2.951320079042753e-07,0,0
2013-01-11 19:27:00,8.168034536754168e-09,2.9403181330365004e-07,0,0
2013-01-11 19:28:00,9.419273834685378e-09,2.799196503838618e-07,0,0
2013-01-11 19:29:00,9.634724628863316e-09,2.861103539974018e-07,0,0
2013-01-11 19:30:00,9.336959689880338e-09,2.79166543010696e-07,0,0
2013-01-11 19:31:00,8.679292385337423e-09,2.7713812125687404e-07,0,0
2013-01-11 19:32:00,8.9519867050796e-09,2.7615110533867684e-07,0,0
2013-01-11 19:33:00,9.287923591787823e-09,2.726013387102809e-07,0,0
2013-01-11 19:34:00,9.403547276848719e-09,2.5734978866237493e-07,0,0
2013-01-11 19:35:00,9.267322594994022e-09,2.6981702817148265e-07,0,0
2013-01-11 19:36:00,8.7474996516215e-09,2.578199120634387e-07,0,0
2013-01-11 19:37:00,9.061884342564201e-09,2.735969389404927e-07,0,0
2013-01-11 19:38:00,9.08235093852231e-09,2.644017816318038e-07,0,0
2013-01-11 19:39:00,9.939908302774586e-09,2.5697049198949895e-07,0,0
2013-01-11 19:40:00,9.491615758059451e-09,2.790711387041065e-07,0,0
2013-01-11 19:41:00,9.516478405313963e-09,2.939800396362815e-07,0,0
2013-01-11 19:42:00,9.153720653725555e-09,2.810401449533814e-07,0,0
2013-01-11 19:43:00,9.627657215052755e-09,2.539993664987173e-07,0,0
2013-01-11 19:44:00,9.242846598916519e-09,2.549413877015504e-07,0,0
2013-01-11 19:45:00,8.805220828333452e-09,2.8313243123686593e-07,0,0
2013-01-11 19:46:00,9.663508403014235e-09,2.610504425689605e-07,0,0
2013-01-11 19:47:00,9.178928372986651e-09,2.716936419154857e-07,0,0
2013-01-11 19:48:00,8.888322396476345e-09,2.7499418488035214e-07,0,0
2013-01-11 19:49:00,8.882589407961705e-09,2.6572817196215126e-07,0,0
2013-01-11 19:50:00,9.264383784243246e-09,2.7774435850251715e-07,0,0
2013-01-11 19:51:00,9.403151175000534e-09,2.5232958838401517e-07,0,0
2013-01-11 19:52:00,9.272913726842417e-09,2.577715749838266e-07,0,0
2013-01-11 19:53:00,9.289784486165264e-09,2.773104704741631e-07,0,0
2013-01-11 19:54:00,1.0051806498467336e-08,2.505041931684721e-07,0,0
2013-01-11 19:55:00,9.475351402711402e-09,2.80412250779257e-07,0,0
2013-01-11 19:56:00,9.26501625376451e-09,2.7173001919126234e-07,0,0
2013-01-11 19:57:00,9.631883530180756e-09,2.7151243671083267e-07,0,0
2013-01-11 19:58:00,8.548023244984125e-09,2.750856495174598e-07,0,0
2013-01-11 19:59:00,9.166869332441051e-09,2.9182163732619375e-07,0,0
2013-01-11 20:00:00,9.926215283363422e-09,2.7896371675124097e-07,0,0
2013-01-11 20:01:00,8.97276653050511e-09,2.648260163665593e-07,0,0
2013-01-11 20:02:00,8.836284151302425e-09,2.8428204206343017e-07,0,0
2013-01-11 20:03:00,8.787732571458725e-09,2.722684726546305e-07,0,0
2013-01-11 20:04:00,8.574193209936042e-09,2.8156843482806977e-07,0,0
2013-01-11 20:05:00,8.733865786486709e-09,2.7384558796702227e-07,0,0
2013-01-11 20:06:00,9.093205726383915e-09,2.6930925215042316e-07,0,0
2013-01-11 20:07:00,8.531805545540117e-09,2.6599565748057197e-07,0,0
2013-01-11 20:08:00,9.143124744520207e-09,2.617155808303985e-07,0,0
2013-01-11 20:09:00,9.567765916163632e-09,2.9786187009527654e-07,0,0
2013-01-11 20:10:00,8.881395922386665e-09,2.526969554463829e-07,0,0
2013-01-11 20:11:00,9.80905447772699e-09,2.725726556400714e-07,0,0
2013-01-11 20:12:00,9.531929566394919e-09,2.6463342825666756e-07,0,0
2013-01-11 20:13:00,9.67146761258247e-09,2.886632678753779e-07,0,0
2013-01-11 20:14:00,8.855458689835419e-09,2.7719185395922326e-07,0,0
2013-01-11 20:15:00,9.820988678336681e-09,2.8766820026017566e-07,0,0
2013-01-11 20:16:00,8.580074852300448e-09,2.6905571945590853e-07,0,0
2013-01-11 20:17:00,9.557773445323304e-09,2.761820787472247e-07,0,0
2013-01-11 20:18:00,9.133924725935754e-09,2.6341496193401905e-07,0,0
2013-01-11 20:19:00,9.533212038968986e-09,3.0695795623631794e-07,0,0
2013-01-11 20:20:00,8.827678989909573e-09,2.5210583315599316e-07,0,0
2013-01-11 20:21:00,8.950472847106878e-09,2.759728618638039e-07,0,0
2013-01-11 20:22:00,9.588942120127131e-09,2.912712407631087e-07,0,0
2013-01-11 20:23:00,8.745212613194889e-09,2.859129170124076e-07,0,0
2013-01-11 20:24:00,9.3720474479015e-09,2.729386321822503e-07,0,0
2013-01-11 20:25:00,8.4210500444899e-09,2.7530343704895523e-07,0,0
2013-01-11 20:26:00,9.8004276594774e-09,2.7508473825251866e-07,0,0
2013-01-11 20:27:00,8.697972841513747e-09,2.807908453722328e-07,0,0
2013-01-11 20:28:00,9.412114702771909e-09,2.887391829245468e-07,0,0
2013-01-11 20:29:00,9.63160256212215e-09,3.0962382364601523e-07,0,0
2013-01-11 20:30:00,8.79634448974352e-09,2.7440331949248956e-07,0,0
2013-01-11 20:31:00,9.524271848424522e-09,2.541676708174449e-07,0,0
2013-01-11 20:32:00,9.317805976530162e-09,2.830052890015608e-07,0,0
2013-01-11 20:33:00,9.035860874647005e-09,3.0692592498560457e-07,0,0
2013-01-11 20:34:00,8.759967409230576e-09,2.738458682694493e-07,0,0
2013-01-11 20:35:00,8.215347242886876e-09,2.9844070397974927e-07,0,0
2013-01-11 20:36:00,9.395473623799981e-09,2.997603156366692e-07,0,0
2013-01-11 20:37:00,8.638395686729839e-09,2.5983184977838516e-07,0,0
2013-01-11 20:38:00,9.271957020519485e-09,2.82640445621904e-07,0,0
2013-01-11 20:39:00,9.190246639226882e-09,2.953054055659327e-07,0,0
2013-01-11 20:40:00,9.450851773944536e-09,2.688499240618545e-07,0,0
2013-01-11 20:41:00,9.098093526005854e-09,2.7368250301578284e-07,0,0
2013-01-11 20:42:00,9.02860262757485e-09,2.741025695296298e-07,0,0
2013-01-11 20:43:00,9.664168393625326e-09,2.646640778147724e-07,0,0
2013-01-11 20:44:00,9.407151627000227e-09,2.701095673311851e-07,0,0
2013-01-11 20:45:00,9.46705639297428e-09,2.5556789419918005e-07,0,0
2013-01-11 20:46:00,9.58201095943993e-09,2.736763147732694e-07,0,0
2013-01-11 20:47:00,8.641527230386932e-09,2.76199927159259e-07,0,0
2013-01-11 20:48:00,9.643787927754185e-09,2.773718981933367e-07,0,0
2013-01-11 20:49:00,9.450544614874329e-09,2.6535366338520023e-07,0,0
2013-01-11 20:50:00,8.805787831423395e-09,2.813801531955828e-07,0,0
2013-01-11 20:51:00,9.102525966349413e-09,2.898920747675666e-07,0,0
2013-01-11 20:52:00,9.218630767239617e-09,2.570996285076439e-07,0,0
2013-01-11 20:53:00,9.174625586935858e-09,2.8983918808197127e-07,0,0
2013-01-11 20:54:00,9.335420579404782e-09,2.9538270483189446e-07,0,0
2013-01-11 20:55:00,9.773056775446653e-09,2.601273758841079e-07,0,0
2013-01-11 20:56:00,9.732443072937054e-09,3.0251184319799394e-07,0,0
2013-01-11 20:57:00,8.715971515340188e-09,2.8617898909475104e-07,0,0
2013-01-11 20:58:00,9.448084751630225e-09,2.7348676278939326e-07,0,0
2013-01-11 20:59:00,9.932507708544973e-09,2.780201019204803e-07,0,0
2013-01-11 21:00:00,9.667157404088855e-09,2.898570867132557e-07,0,0
2013-01-11 21:01:00,9.922336452631606e-09,2.8821511952410873e-07,0,0
2013-01-11 21:02:00,1.0450769859968268e-08,2.8858058788708317e-07,0,0
2013-01-11 21:03:00,9.832749274232512e-09,2.6814804132984905e-07,0,0
2013-01-11 21:04:00,9.541610420042125e-09,2.7402324024894925e-07,0,0
2013-01-11 21:05:00,9.738357675863562e-09,2.4712072853479156e-07,0,0
2013-01-11 21:06:00,9.317723419423225e-09,2.7982523062267694e-07,0,0
2013-01-11 21:07:00,9.054848915477789e-09,2.667023186981628e-07,0,0
2013-01-11 21:08:00,9.277090143992674e-09,2.669538334073801e-07,0,0
2013-01-11 21:09:00,1.023617287509403e-08,2.9877202010178397e-07,0,0
2013-01-11 21:10:00,8.89795573336078e-09,2.9520823509973115e-07,0,0
2013-01-11 21:11:00,1.0048082701126431e-08,2.942101211376895e-07,0,0
2013-01-11 21:12:00,9.49457417486965e-09,2.6555984686749994e-07,0,0
2013-01-11 21:13:00,8.7443313178947e-09,2.7197888484842267e-07,0,0
2013-01-11 21:14:00,9.62605652458824e-09,3.026812061885532e-07,0,0
2013-01-11 21:15:00,8.237953026886891e-09,2.812145827417723e-07,0,0
2013-01-11 21:16:00,9.684756087030965e-09,3.175168821695158e-07,0,0
2013-01-11 21:17:00,9.745660493504287e-09,2.8368928937405455e-07,0,0
2013-01-11 21:18:00,9.091875071906574e-09,2.8006344711781815e-07,0,0
2013-01-11 21:19:00,9.460719922551893e-09,2.7682089110868186e-07,0,0
2013-01-11 21:20:00,1.0302105953176986e-08,2.827510811729388e-07,0,0
2013-01-11 21:21:00,9.119382892533334e-09,2.8117235372316786e-07,0,0
2013-01-11 21:22:00,8.862503196402373e-09,2.897919814765345e-07,0,0
2013-01-11 21:23:00,1.018788665208273e-08,2.857012692521909e-07,0,0
2013-01-11 21:24:00,1.0382066865540631e-08,2.68210317587905e-07,0,0
2013-01-11 21:25:00,9.400911238332227e-09,2.671675691288896e-07,0,0
2013-01-11 21:26:00,9.740051030914125e-09,2.5524303883331203e-07,0,0
2013-01-11 21:27:00,9.997125001722721e-09,2.8752939533217314e-07,0,0
2013-01-11 21:28:00,9.135176670898544e-09,2.7143864734815946e-07,0,0
2013-01-11 21:29:00,9.169517529761724e-09,2.494153749620255e-07,0,0
2013-01-11 21:30:00,1.0056624488353015e-08,2.7964557955344497e-07,0,0
2013-01-11 21:31:00,1.0400561926516394e-08,3.185590218919658e-07,0,0
2013-01-11 21:32:00,9.773528537000411e-09,2.79533080808087e-07,0,0
2013-01-11 21:33:00,9.009380436967514e-09,2.893936544595737e-07,0,0
2013-01-11 21:34:00,1.0339995606527686e-08,2.8253036575882334e-07,0,0
2013-01-11 21:35:00,8.909923069463624e-09,2.8342071721706817e-07,0,0
2013-01-11 21:36:00,9.242101745740535e-09,2.9569858537439013e-07,0,0
2013-01-11 21:37:00,9.54895612799512e-09,2.8003179944859973e-07,0,0
2013-01-11 21:38:00,1.0222947129366033e-08,2.955468449856242e-07,0,0
2013-01-11 21:39:00,9.82188384306893e-09,2.856531821463738e-07,0,0
2013-01-11 21:40:00,9.595263260101614e-09,2.749877470886461e-07,0,0
2013-01-11 21:41:00,9.476375425192661e-09,2.948426432761665e-07,0,0
2013-01-11 21:42:00,9.363409390360648e-09,2.764079510156456e-07,0,0
2013-01-11 21:43:00,9.755295756529055e-09,2.697872152365937e-07,0,0
2013-01-11 21:44:00,8.493661307987178e-09,2.886320194028499e-07,0,0
2013-01-11 21:45:00,9.298892277614767e-09,2.727781530728135e-07,0,0
2013-01-11 21:46:00,9.598882594504701e-09,2.956862730344565e-07,0,0
2013-01-11 21:47:00,9.021491595839432e-09,2.799412417227667e-07,0,0
2013-01-11 21:48:00,9.562083759836909e-09,2.975102710125738e-07,0,0
2013-01-11 21:49:00,9.402803116985613e-09,2.903736736002572e-07,0,0
2013-01-11 21:50:00,1.026043222196521e-08,2.856054981356594e-07,0,0
2013-01-11 21:51:00,1.033111244704836e-08,2.972671193653559e-07,0,0
2013-01-11 21:52:00,9.27050901549479e-09,3.1108213058903217e-07,0,0
2013-01-11 21:53:00,9.435813978334826e-09,2.802246275646322e-07,0,0
2013-01-11 21:54:00,9.367653128490063e-09,2.726396994458131e-07,0,0
2013-01-11 21:55:00,9.343551975767638e-09,2.639952768640678e-07,0,0
2013-01-11 21:56:00,9.789833918688442e-09,2.753753671836298e-07,0,0
2013-01-11 21:57:00,9.038202641876531e-09,2.726231865123083e-07,0,0
2013-01-11 21:58:00,8.940013443487286e-09,2.6128826117304547e-07,0,0
2013-01-11 21:59:00,9.823276457747638e-09,2.851946066400856e-07,0,0
2013-01-11 22:00:00,9.886004318477122e-09,2.8713109488772457e-07,0,0
2013-01-11 22:01:00,9.076554337441789e-09,2.874217239202324e-07,0,0
2013-01-11 22:02:00,9.663230254992146e-09,2.7940037213817797e-07,0,0
2013-01-11 22:03:00,9.355027019709466e-09,2.876264135090595e-07,0,0
2013-01-11 22:04:00,9.716012250284107e-09,2.8703589778611963e-07,0,0
2013-01-11 22:05:00,9.746951628896358e-09,2.556761480946481e-07,0,0
2013-01-11 22:06:00,9.449624800538431e-09,2.7514931177939166e-07,0,0
2013-01-11 22:07:00,9.90621830965602e-09,2.6958134591603216e-07,0,0
2013-01-11 22:08:00,9.435834250383175e-09,2.6495116869154915e-07,0,0
2013-01-11 22:09:00,9.53858377580005e-09,2.8922156596900575e-07,0,0
2013-01-11 22:10:00,9.42651095652611e-09,3.0774276311192285e-07,0,0
2013-01-11 22:11:00,9.20425391695744e-09,3.0167490881905915e-07,0,0
2013-01-11 22:12:00,9.452484972281462e-09,2.8743638672138403e-07,0,0
2013-01-11 22:13:00,8.954515344303192e-09,2.9948755991194016e-07,0,0
2013-01-11 22:14:00,9.237991769783887e-09,2.890894893410676e-07,0,0
2013-01-11 22:15:00,9.345541165269938e-09,2.84838065331461e-07,0,0
2013-01-11 22:16:00,9.544560799220848e-09,2.875739900544925e-07,0,0
2013-01-11 22:17:00,9.44992144575102e-09,2.8035853453331463e-07,0,0
2013-01-11 22:18:00,9.681482717163363e-09,2.8329655212595823e-07,0,0
2013-01-11 22:19:00,9.742312775144095e-09,2.8075249581691893e-07,0,0
2013-01-11 22:20:00,1.000382442938597e-08,2.7778924308226247e-07,0,0
2013-01-11 22:21:00,9.186398014406852e-09,2.9181876082562957e-07,0,0
2013-01-11 22:22:00,9.029883453909172e-09,2.9399645048063074e-07,0,0
2013-01-11 22:23:00,8.95812383875382e-09,3.1133553705301843e-07,0,0
2013-01-11 22:24:00,9.31726677714763e-09,2.9504165755909125e-07,0,0
2013-01-11 22:25:00,9.289902186790335e-09,2.700190292138389e-07,0,0
2013-01-11 22:26:00,9.311626841923707e-09,2.6295083330226224e-07,0,0
2013-01-11 22:27:00,9.077700033541023e-09,3.041552424755089e-07,0,0
2013-01-11 22:28:00,9.223254100586242e-09,2.707226037462251e-07,0,0
2013-01-11 22:29:00,9.83808949601869e-09,2.853304903828429e-07,0,0
2013-01-11 22:30:00,1.016138568977459e-08,2.643764653044172e-07,0,0
2013-01-11 22:31:00,9.365186663163735e-09,2.7065336716399293e-07,0,0
2013-01-11 22:32:00,9.368283220480718e-09,2.9374924418078537e-07,0,0
2013-01-11 22:33:00,9.47951616550732e-09,3.0270065738924216e-07,0,0
2013-01-11 22:34:00,9.490287342603648e-09,2.7308942739151446e-07,0,0
2013-01-11 22:35:00,9.242957011353438e-09,2.481984097781394e-07,0,0
2013-01-11 22:36:00,9.943838793323972e-09,2.887434169474141e-07,0,0
2013-01-11 22:37:00,8.959782725326241e-09,2.934772984145798e-07,0,0
2013-01-11 22:38:00,9.517590792586617e-09,2.7623322988550766e-07,0,0
2013-01-11 22:39:00,9.75438957641317e-09,2.9200988486504895e-07,0,0
2013-01-11 22:40:00,9.655957958662673e-09,2.8042444884288853e-07,0,0
2013-01-11 22:41:00,1.1025023496063524e-08,3.0296138716369003e-07,0,0
2013-01-11 22:42:00,9.740013771793542e-09,2.8889293151992405e-07,0,0
2013-01-11 22:43:00,9.205314100834524e-09,2.7993734932056314e-07,0,0
2013-01-11 22:44:00,9.575838861015754e-09,3.0837782699802066e-07,0,0
2013-01-11 22:45:00,8.710235186668653e-09,2.804655471180143e-07,0,0
2013-01-11 22:46:00,9.7731821365826e-09,2.910237907861136e-07,0,0
2013-01-11 22:47:00,9.245651192887701e-09,2.8844989645437517e-07,0,0
2013-01-11 22:48:00,1.0022160672714551e-08,2.8693738071087523e-07,0,0
2013-01-11 22:49:00,9.419391821718968e-09,2.780930818849719e-07,0,0
2013-01-11 22:50:00,9.653610333557554e-09,2.939681173601625e-07,0,0
2013-01-11 22:51:00,9.229152690623496e-09,3.1829838892840196e-07,0,0
2013-01-11 22:52:00,1.0626918556191759e-08,2.730809259773192e-07,0,0
2013-01-11 22:53:00,9.456267229770308e-09,2.634237055691268e-07,0,0
2013-01-11 22:54:00,1.0823783858112302e-08,3.150269221795692e-07,0,0
2013-01-11 22:55:00,1.018058736601819e-08,2.9386517217641005e-07,0,0
2013-01-11 22:56:00,9.92572080556663e-09,2.7806897982383044e-07,0,0
2013-01-11 22:57:00,9.83916425923979e-09,3.1468293876168683e-07,0,0
2013-01-11 22:58:00,9.919909536038074e-09,2.8293262987193684e-07,0,0
2013-01-11 22:59:00,8.907237586164211e-09,3.1572797668630257e-07,0,0
2013-01-11 23:00:00,9.607729608964891e-09,3.0742458899342814e-07,0,0
2013-01-11 23:01:00,1.0148553978017522e-08,2.8400055065067344e-07,0,0
2013-01-11 23:02:00,9.735698977519423e-09,3.297356331477892e-07,0,0
2013-01-11 23:03:00,9.035471597093215e-09,2.8254574482974227e-07,0,0
2013-01-11 23:04:00,9.702285998263579e-09,3.0363622418722864e-07,0,0
2013-01-11 23:05:00,1.0426445024685159e-08,2.9987714888084697e-07,0,0
2013-01-11 23:06:00,1.0496551846582397e-08,3.142866221024674e-07,0,0
2013-01-11 23:07:00,9.774517884621712e-09,3.070821215352062e-07,0,0
2013-01-11 23:08:00,1.0178267871199476e-08,2.882381694309737e-07,0,0
2013-01-11 23:09:00,9.795634141671177e-09,2.8729858799142453e-07,0,0
2013-01-11 23:10:00,8.997063203459114e-09,2.998009739436961e-07,0,0
2013-01-11 23:11:00,9.246016913192858e-09,2.8135225787196933e-07,0,0
2013-01-11 23:12:00,1.0678117619632989e-08,3.18219489408954e-07,0,0
2013-01-11 23:13:00,9.706952307391835e-09,2.9063021768320163e-07,0,0
2013-01-11 23:14:00,9.725640639096326e-09,2.787102114798615e-07,0,0
2013-01-11 23:15:00,9.620524778315134e-09,2.9649529250177354e-07,0,0
2013-01-11 23:16:00,1.0838616652559892e-08,2.7223160350212445e-07,0,0
2013-01-11 23:17:00,1.0622958845679643e-08,2.7572980044828685e-07,0,0
2013-01-11 23:18:00,1.1029903981233516e-08,3.125445162844194e-07,0,0
2013-01-11 23:19:00,9.55790704927991e-09,2.8708190858646125e-07,0,0
2013-01-11 23:20:00,9.933533153273747e-09,2.903415518468971e-07,0,0
2013-01-11 23:21:00,9.288833755515598e-09,2.955097566621863e-07,0,0
2013-01-11 23:22:00,1.0516529542897341e-08,3.1899991678390167e-07,0,0
2013-01-11 23:23:00,9.224782107455905e-09,3.1097782704370547e-07,0,0
2013-01-11 23:24:00,9.910293951966401e-09,3.066235001011746e-07,0,0
2013-01-11 23:25:00,9.20463271054552e-09,2.856037765180602e-07,0,0
2013-01-11 23:26:00,9.349605366503441e-09,2.73112962833351e-07,0,0
2013-01-11 23:27:00,9.43339244768628e-09,3.1981146995399403e-07,0,0
2013-01-11 23:28:00,9.583316460726712e-09,2.987607636413014e-07,0,0
2013-01-11 23:29:00,9.601646383153663e-09,2.9541937762344716e-07,0,0
2013-01-11 23:30:00,9.592229847354813e-09,3.1909365472418284e-07,0,0
2013-01-11 23:31:00,1.0302631076614176e-08,3.0254722070631493e-07,0,0
2013-01-11 23:32:00,9.453537338316637e-09,2.9588665040018867e-07,0,0
2013-01-11 23:33:00,9.977298697383236e-09,3.2946860726616197e-07,0,0
2013-01-11 23:34:00,1.0454713570792775e-08,2.933691272559493e-07,0,0
2013-01-11 23:35:00,9.616602480055375e-09,3.033226120280027e-07,0,0
2013-01-11 23:36:00,9.608618983147918e-09,2.9256466038354254e-07,0,0
2013-01-11 23:37:00,9.931789105969967e-09,3.0177113041983914e-07,0,0
2013-01-11 23:38:00,1.0447663708968402e-08,3.159374717158708e-07,0,0
2013-01-11 23:39:00,1.0019352951023462e-08,3.01068681765944e-07,0,0
2013-01-11 23:40:00,9.691031307675323e-09,3.03512304184401e-07,0,0
2013-01-11 23:41:00,1.0065194764315424e-08,3.0721352726589634e-07,0,0
2013-01-11 23:42:00,9.39562531974511e-09,2.8752017609766266e-07,0,0
2013-01-11 23:43:00,1.0127758015907999e-08,2.891813485934131e-07,0,0
2013-01-11 23:44:00,9.962700503921673e-09,2.7632982000119143e-07,0,0
2013-01-11 23:45:00,9.823790784292861e-09,2.622577640785552e-07,0,0
2013-01-11 23:46:00,9.496585789322107e-09,3.2744798331556305e-07,0,0
2013-01-11 23:47:00,9.536470348025232e-09,2.8607292611697847e-07,0,0
2013-01-11 23:48:00,1.0219913992231023e-08,2.942903794569102e-07,0,0
2013-01-11 23:49:00,1.0489706856679037e-08,2.922620065582174e-07,0,0
2013-01-11 23:50:00,9.64378928852433e-09,3.0367164565353865e-07,0,0
2013-01-11 23:51:00,1.0072796470659607e-08,3.0266915517256407e-07,0,0
2013-01-11 23:52:00,9.120652777144695e-09,3.1470521477645535e-07,0,0
2013-01-11 23:53:00,9.550884488201339e-09,2.9253400171573315e-07,0,0
2013-01-11 23:54:00,9.943107890645972e-09,2.94807624775258e-07,0,0
2013-01-11 23:55:00,9.434432150628436e-09,3.0876701639456923e-07,0,0
2013-01-11 23:56:00,9.587083371113283e-09,2.90267144806333e-07,0,0
2013-01-11 23:57:00,9.630033839195593e-09,3.304611460834069e-07,0,0
2013-01-11 23:58:00,1.0090871515425725e-08,3.0809398733505676e-07,0,0
2013-01-11 23:59:00,9.992092930979589e-09,3.095454242259359e-07,0,0
